id,invoice_number,supplier_id,user_id,total_amount,discount,tax,grand_total,status,notes,purchase_date,created_at
1,PO-2024-00001,36,8,673969.27,30.49,315.79,674254.57,completed,Rush order,2025-05-25T13:00:00,2025-05-25T13:00:00
2,PO-2024-00002,34,4,291664.89,315.38,812.06,292161.57,completed,Rush order,2024-07-23T20:00:00,2024-07-23T20:00:00
3,PO-2024-00003,35,8,1158776.84,172.02,587.37,1159192.19,completed,Rush order,2025-01-02T15:00:00,2025-01-02T15:00:00
4,PO-2024-00004,2,6,612595.58,298.56,77.84,612374.86,completed,,2024-10-03T05:00:00,2024-10-03T05:00:00
5,PO-2024-00005,23,10,430599.46,499.8,975.28,431074.94,completed,,2025-04-28T16:00:00,2025-04-28T16:00:00
6,PO-2024-00006,18,9,685314.33,408.14,921.4,685827.59,completed,Partial delivery,2025-11-03T07:00:00,2025-11-03T07:00:00
7,PO-2024-00007,25,6,321667.56,467.6,991.96,322191.92,completed,,2024-08-12T18:00:00,2024-08-12T18:00:00
8,PO-2024-00008,21,6,541491.99,456.99,76.8,541111.8,completed,Bulk discount applied,2024-08-30T18:00:00,2024-08-30T18:00:00
9,PO-2024-00009,37,4,513994.24,418.35,819.88,514395.77,completed,Bulk discount applied,2025-07-31T04:00:00,2025-07-31T04:00:00
10,PO-2024-00010,32,1,696972.95,45.13,270.99,697198.81,completed,,2024-11-12T05:00:00,2024-11-12T05:00:00
11,PO-2024-00011,1,6,759990.96,458.95,241.39,759773.4,completed,,2025-06-23T15:00:00,2025-06-23T15:00:00
12,PO-2024-00012,4,1,815355.8,73.86,719.46,816001.4,completed,Partial delivery,2024-06-30T10:00:00,2024-06-30T10:00:00
13,PO-2024-00013,24,2,289834.82,186.8,944.83,290592.85,completed,Bulk discount applied,2024-04-23T16:00:00,2024-04-23T16:00:00
14,PO-2024-00014,20,6,642460.74,68.23,199.63,642592.14,completed,Partial delivery,2024-04-13T10:00:00,2024-04-13T10:00:00
15,PO-2024-00015,42,6,236526.57,87.1,970.31,237409.78,cancelled,Partial delivery,2025-10-16T15:00:00,2025-10-16T15:00:00
16,PO-2024-00016,43,10,498244.53,407.23,409.46,498246.76,completed,,2024-12-31T07:00:00,2024-12-31T07:00:00
17,PO-2024-00017,1,10,1079886.1,195.8,994.57,1080684.87,cancelled,,2024-06-30T23:00:00,2024-06-30T23:00:00
18,PO-2024-00018,21,10,185388.87,110.45,587.27,185865.69,completed,,2024-07-05T19:00:00,2024-07-05T19:00:00
19,PO-2024-00019,5,4,183912.58,173.41,353.54,184092.71,completed,Partial delivery,2024-12-05T23:00:00,2024-12-05T23:00:00
20,PO-2024-00020,47,6,498062.58,223.31,301.95,498141.22,completed,Quality check pending,2025-11-17T20:00:00,2025-11-17T20:00:00
21,PO-2024-00021,17,2,7429.15,360.21,95.74,7164.68,completed,Quality check pending,2024-03-10T11:00:00,2024-03-10T11:00:00
22,PO-2024-00022,27,8,110775.92,440.89,383.67,110718.7,completed,,2025-03-05T05:00:00,2025-03-05T05:00:00
23,PO-2024-00023,42,11,199039.23,112.79,478.72,199405.16,completed,,2025-05-05T18:00:00,2025-05-05T18:00:00
24,PO-2024-00024,17,2,247098.95,37.1,211.6,247273.45,completed,,2024-01-21T10:00:00,2024-01-21T10:00:00
25,PO-2024-00025,6,6,944624.75,297.02,632.96,944960.69,completed,Quality check pending,2024-03-17T17:00:00,2024-03-17T17:00:00
26,PO-2024-00026,42,3,238515.74,303.66,462.49,238674.57,completed,,2024-02-01T13:00:00,2024-02-01T13:00:00
27,PO-2024-00027,13,7,323819.93,348.6,735.94,324207.27,cancelled,,2024-12-05T06:00:00,2024-12-05T06:00:00
28,PO-2024-00028,20,4,90375.16,47.96,423.26,90750.46,cancelled,Partial delivery,2025-11-07T09:00:00,2025-11-07T09:00:00
29,PO-2024-00029,4,6,1069732.23,1.91,133.25,1069863.57,cancelled,Rush order,2025-05-17T04:00:00,2025-05-17T04:00:00
30,PO-2024-00030,2,4,127909.32,85.42,327.22,128151.12,completed,Rush order,2024-07-23T03:00:00,2024-07-23T03:00:00
31,PO-2024-00031,26,8,632251.5,244.55,677.99,632684.94,completed,Quality check pending,2024-04-28T09:00:00,2024-04-28T09:00:00
32,PO-2024-00032,12,6,263658.24,442.75,400.93,263616.42,completed,,2025-07-11T12:00:00,2025-07-11T12:00:00
33,PO-2024-00033,30,5,523376.22,113.12,305.13,523568.23,completed,,2024-09-26T14:00:00,2024-09-26T14:00:00
34,PO-2024-00034,6,11,831161.43,171.9,564.38,831553.91,cancelled,,2025-11-14T03:00:00,2025-11-14T03:00:00
35,PO-2024-00035,25,9,1358434.74,209.32,558.74,1358784.16,completed,Bulk discount applied,2025-07-20T01:00:00,2025-07-20T01:00:00
36,PO-2024-00036,20,2,234647.71,197.4,861.24,235311.55,completed,Bulk discount applied,2024-08-29T15:00:00,2024-08-29T15:00:00
37,PO-2024-00037,37,11,1346197.16,491.38,190.08,1345895.86,completed,,2025-08-07T16:00:00,2025-08-07T16:00:00
38,PO-2024-00038,13,3,778778.31,21.34,124.45,778881.42,completed,,2024-06-20T06:00:00,2024-06-20T06:00:00
39,PO-2024-00039,39,5,410834.69,159.87,740.75,411415.57,completed,,2025-10-04T04:00:00,2025-10-04T04:00:00
40,PO-2024-00040,26,9,357069.21,163.06,312.39,357218.54,completed,Partial delivery,2025-02-01T17:00:00,2025-02-01T17:00:00
41,PO-2024-00041,40,10,183297.07,261.28,448.61,183484.4,completed,,2024-01-13T22:00:00,2024-01-13T22:00:00
42,PO-2024-00042,38,10,44423.83,379.19,942.67,44987.31,completed,Bulk discount applied,2024-05-31T18:00:00,2024-05-31T18:00:00
43,PO-2024-00043,35,6,732557.09,438.95,300.93,732419.07,completed,Bulk discount applied,2024-04-13T09:00:00,2024-04-13T09:00:00
44,PO-2024-00044,3,3,431070.36,137.71,186.66,431119.31,cancelled,Quality check pending,2025-09-15T15:00:00,2025-09-15T15:00:00
45,PO-2024-00045,26,6,373072.1,345.26,96.83,372823.67,completed,,2025-02-15T01:00:00,2025-02-15T01:00:00
46,PO-2024-00046,22,5,390801.32,155.47,850.7,391496.55,completed,Partial delivery,2025-01-16T00:00:00,2025-01-16T00:00:00
47,PO-2024-00047,20,8,31235.67,387.02,354.82,31203.47,completed,Bulk discount applied,2024-08-21T04:00:00,2024-08-21T04:00:00
48,PO-2024-00048,13,8,624719.49,105.7,832.77,625446.56,completed,Partial delivery,2025-10-23T02:00:00,2025-10-23T02:00:00
49,PO-2024-00049,4,9,331086.26,395.75,112.34,330802.85,cancelled,Rush order,2025-06-12T11:00:00,2025-06-12T11:00:00
50,PO-2024-00050,37,1,418917.54,86.87,881.42,419712.09,completed,Partial delivery,2024-05-18T16:00:00,2024-05-18T16:00:00
51,PO-2024-00051,3,8,546343.82,25.28,392.36,546710.9,completed,,2024-02-29T07:00:00,2024-02-29T07:00:00
52,PO-2024-00052,33,7,55722.79,317.7,167.68,55572.77,completed,,2025-01-12T14:00:00,2025-01-12T14:00:00
53,PO-2024-00053,39,8,77618.44,88.79,876.96,78406.61,cancelled,Bulk discount applied,2025-01-16T15:00:00,2025-01-16T15:00:00
54,PO-2024-00054,11,5,189418.93,374.48,704.41,189748.86,completed,,2024-12-24T11:00:00,2024-12-24T11:00:00
55,PO-2024-00055,11,10,53151.44,389.92,253.6,53015.12,completed,Quality check pending,2025-01-30T01:00:00,2025-01-30T01:00:00
56,PO-2024-00056,14,5,507943.76,325.79,537.62,508155.59,completed,Rush order,2024-08-18T21:00:00,2024-08-18T21:00:00
57,PO-2024-00057,12,10,1187782.96,400.43,262.58,1187645.11,cancelled,Partial delivery,2024-05-15T20:00:00,2024-05-15T20:00:00
58,PO-2024-00058,46,11,351174.92,137.69,900.71,351937.94,completed,Rush order,2024-11-08T22:00:00,2024-11-08T22:00:00
59,PO-2024-00059,30,5,467766.2,338.6,833.1,468260.7,completed,Bulk discount applied,2024-09-15T06:00:00,2024-09-15T06:00:00
60,PO-2024-00060,33,11,574941.8,483.24,847.41,575305.97,cancelled,Quality check pending,2024-04-14T00:00:00,2024-04-14T00:00:00
61,PO-2024-00061,19,5,1134495.8,342.21,507.65,1134661.24,completed,,2025-08-31T19:00:00,2025-08-31T19:00:00
62,PO-2024-00062,18,5,1728043.94,328.06,954.58,1728670.46,completed,,2025-10-17T10:00:00,2025-10-17T10:00:00
63,PO-2024-00063,49,4,1248600.52,449.84,815.16,1248965.84,cancelled,Rush order,2024-06-02T16:00:00,2024-06-02T16:00:00
64,PO-2024-00064,44,3,655390.44,360.64,672.63,655702.43,completed,,2025-11-07T10:00:00,2025-11-07T10:00:00
65,PO-2024-00065,25,1,156071.31,291.51,995.02,156774.82,completed,,2025-03-04T12:00:00,2025-03-04T12:00:00
66,PO-2024-00066,35,11,296551.16,392.45,911.2,297069.91,completed,Bulk discount applied,2024-08-15T21:00:00,2024-08-15T21:00:00
67,PO-2024-00067,43,9,172113.35,90.57,142.72,172165.5,completed,Quality check pending,2024-11-03T05:00:00,2024-11-03T05:00:00
68,PO-2024-00068,36,3,654947.92,473.46,904.61,655379.07,completed,,2024-09-21T23:00:00,2024-09-21T23:00:00
69,PO-2024-00069,48,5,592787.64,210.24,892.5,593469.9,completed,,2024-12-29T07:00:00,2024-12-29T07:00:00
70,PO-2024-00070,30,2,327171.87,235.27,873.07,327809.67,cancelled,Bulk discount applied,2025-08-22T09:00:00,2025-08-22T09:00:00
71,PO-2024-00071,31,4,315316.84,250.24,874.12,315940.72,completed,Bulk discount applied,2025-09-27T02:00:00,2025-09-27T02:00:00
72,PO-2024-00072,4,3,462243.54,68.68,240.28,462415.14,completed,Bulk discount applied,2024-11-01T13:00:00,2024-11-01T13:00:00
73,PO-2024-00073,21,3,699532.44,389.47,513.2,699656.17,completed,,2025-04-13T04:00:00,2025-04-13T04:00:00
74,PO-2024-00074,1,8,743803.35,136.76,773.13,744439.72,completed,Bulk discount applied,2025-10-11T01:00:00,2025-10-11T01:00:00
75,PO-2024-00075,49,2,637251.84,64.7,462.03,637649.17,completed,Rush order,2024-06-11T15:00:00,2024-06-11T15:00:00
76,PO-2024-00076,25,1,228418.75,18.86,239.44,228639.33,completed,,2025-03-15T15:00:00,2025-03-15T15:00:00
77,PO-2024-00077,13,1,306931.55,338.37,645.35,307238.53,completed,,2024-11-25T16:00:00,2024-11-25T16:00:00
78,PO-2024-00078,9,2,615550.41,191.78,609.24,615967.87,completed,,2024-12-18T09:00:00,2024-12-18T09:00:00
79,PO-2024-00079,19,8,667602.64,363.92,616.55,667855.27,completed,Rush order,2024-02-16T09:00:00,2024-02-16T09:00:00
80,PO-2024-00080,32,6,865686.51,375.06,206.64,865518.09,completed,,2024-05-17T10:00:00,2024-05-17T10:00:00
81,PO-2024-00081,47,3,210709.38,105.6,70.82,210674.6,cancelled,,2024-08-21T07:00:00,2024-08-21T07:00:00
82,PO-2024-00082,46,11,645091.74,396.06,406.43,645102.11,completed,Partial delivery,2024-05-06T11:00:00,2024-05-06T11:00:00
83,PO-2024-00083,4,10,734869.81,497.34,678.87,735051.34,completed,,2025-07-01T19:00:00,2025-07-01T19:00:00
84,PO-2024-00084,29,7,348382.8,61.8,290.1,348611.1,completed,,2024-04-28T13:00:00,2024-04-28T13:00:00
85,PO-2024-00085,20,7,744821.04,330.83,679.36,745169.57,completed,Bulk discount applied,2025-10-07T00:00:00,2025-10-07T00:00:00
86,PO-2024-00086,9,7,1105581.24,415.33,149.67,1105315.58,cancelled,,2025-09-12T22:00:00,2025-09-12T22:00:00
87,PO-2024-00087,7,8,450418.78,99.32,239.76,450559.22,completed,Partial delivery,2024-10-16T03:00:00,2024-10-16T03:00:00
88,PO-2024-00088,23,7,100518.45,147.68,87.44,100458.21,completed,,2025-06-19T06:00:00,2025-06-19T06:00:00
89,PO-2024-00089,16,1,560052.57,6.37,134.55,560180.75,completed,Partial delivery,2025-05-07T10:00:00,2025-05-07T10:00:00
90,PO-2024-00090,32,3,518648.6,474.72,790.55,518964.43,completed,Quality check pending,2025-08-10T21:00:00,2025-08-10T21:00:00
91,PO-2024-00091,42,4,160077.73,228.38,978.43,160827.78,completed,Rush order,2024-04-13T08:00:00,2024-04-13T08:00:00
92,PO-2024-00092,12,1,914882.22,426.12,392.2,914848.3,completed,Rush order,2024-02-21T03:00:00,2024-02-21T03:00:00
93,PO-2024-00093,49,1,242293.98,4.84,181.47,242470.61,completed,,2024-04-28T03:00:00,2024-04-28T03:00:00
94,PO-2024-00094,40,5,1331463.5,439.24,138.3,1331162.56,completed,,2025-01-01T14:00:00,2025-01-01T14:00:00
95,PO-2024-00095,26,8,973299.33,135.92,416.43,973579.84,completed,Partial delivery,2024-04-26T12:00:00,2024-04-26T12:00:00
96,PO-2024-00096,11,2,364739.88,66.26,740.09,365413.71,completed,,2025-03-07T20:00:00,2025-03-07T20:00:00
97,PO-2024-00097,31,10,611088.94,339.2,222.2,610971.94,completed,Partial delivery,2025-03-02T18:00:00,2025-03-02T18:00:00
98,PO-2024-00098,2,11,777411.12,439.98,740.91,777712.05,completed,Rush order,2025-01-02T19:00:00,2025-01-02T19:00:00
99,PO-2024-00099,27,8,275315.99,22.99,298.53,275591.53,completed,,2025-05-14T03:00:00,2025-05-14T03:00:00
100,PO-2024-00100,50,10,1031640.97,361.89,262.79,1031541.87,completed,Bulk discount applied,2025-11-25T16:00:00,2025-11-25T16:00:00
101,PO-2024-00101,45,10,211367.6,47.62,678.63,211998.61,completed,Rush order,2025-06-19T22:00:00,2025-06-19T22:00:00
102,PO-2024-00102,44,11,1281698.02,192.44,847.08,1282352.66,cancelled,Bulk discount applied,2024-12-20T21:00:00,2024-12-20T21:00:00
103,PO-2024-00103,42,3,684528.53,252.78,495.82,684771.57,completed,Partial delivery,2024-02-25T00:00:00,2024-02-25T00:00:00
104,PO-2024-00104,49,8,748295.73,160.32,364.35,748499.76,completed,,2024-06-18T02:00:00,2024-06-18T02:00:00
105,PO-2024-00105,36,11,556716.34,189.32,826.25,557353.27,completed,Rush order,2025-06-03T07:00:00,2025-06-03T07:00:00
106,PO-2024-00106,29,2,271170.78,428.29,474.71,271217.2,completed,Rush order,2025-03-30T18:00:00,2025-03-30T18:00:00
107,PO-2024-00107,7,7,549456.64,206.17,579.27,549829.74,completed,Partial delivery,2025-10-31T00:00:00,2025-10-31T00:00:00
108,PO-2024-00108,40,11,380500.67,152.3,532.92,380881.29,completed,Quality check pending,2024-04-03T19:00:00,2024-04-03T19:00:00
109,PO-2024-00109,22,6,125048.44,412.66,825.76,125461.54,completed,,2025-11-18T14:00:00,2025-11-18T14:00:00
110,PO-2024-00110,39,8,153601.35,358.33,395.13,153638.15,completed,,2025-07-27T19:00:00,2025-07-27T19:00:00
111,PO-2024-00111,15,1,6507.19,170.68,838.39,7174.9,completed,Bulk discount applied,2024-04-09T21:00:00,2024-04-09T21:00:00
112,PO-2024-00112,45,2,178232.33,22.89,205.95,178415.39,completed,Partial delivery,2025-06-18T11:00:00,2025-06-18T11:00:00
113,PO-2024-00113,17,10,86487.11,97.96,164.71,86553.86,completed,,2025-02-23T03:00:00,2025-02-23T03:00:00
114,PO-2024-00114,46,6,575613.04,53.88,443.75,576002.91,cancelled,,2025-04-13T06:00:00,2025-04-13T06:00:00
115,PO-2024-00115,43,10,1036555.44,478.1,177.9,1036255.24,completed,,2025-04-06T14:00:00,2025-04-06T14:00:00
116,PO-2024-00116,4,9,430874.02,467.65,846.88,431253.25,completed,Bulk discount applied,2025-06-27T23:00:00,2025-06-27T23:00:00
117,PO-2024-00117,38,3,439964.92,365.25,171.96,439771.63,completed,Quality check pending,2024-06-30T22:00:00,2024-06-30T22:00:00
118,PO-2024-00118,21,9,1120309.66,440.7,447.73,1120316.69,cancelled,Quality check pending,2025-09-06T19:00:00,2025-09-06T19:00:00
119,PO-2024-00119,26,6,483363.64,485.25,480.2,483358.59,completed,,2024-09-11T08:00:00,2024-09-11T08:00:00
120,PO-2024-00120,45,9,129454.63,149.46,716.42,130021.59,completed,Quality check pending,2025-02-26T19:00:00,2025-02-26T19:00:00
121,PO-2024-00121,14,4,893877.39,104.86,728.67,894501.2,completed,Quality check pending,2025-07-20T20:00:00,2025-07-20T20:00:00
122,PO-2024-00122,42,3,29162.59,251.95,709.6,29620.24,completed,Quality check pending,2024-05-15T22:00:00,2024-05-15T22:00:00
123,PO-2024-00123,36,8,192932.47,291.4,945.54,193586.61,completed,Quality check pending,2024-04-28T11:00:00,2024-04-28T11:00:00
124,PO-2024-00124,28,1,7561.79,261.36,74.01,7374.44,completed,,2025-06-30T09:00:00,2025-06-30T09:00:00
125,PO-2024-00125,13,5,92899.23,375.09,202.89,92727.03,completed,Quality check pending,2025-11-17T01:00:00,2025-11-17T01:00:00
126,PO-2024-00126,4,5,1161054.69,102.0,564.11,1161516.8,completed,Partial delivery,2024-09-13T04:00:00,2024-09-13T04:00:00
127,PO-2024-00127,40,11,543416.21,369.75,871.6,543918.06,cancelled,Rush order,2025-04-08T03:00:00,2025-04-08T03:00:00
128,PO-2024-00128,45,5,703418.07,346.47,94.63,703166.23,completed,Rush order,2024-08-31T16:00:00,2024-08-31T16:00:00
129,PO-2024-00129,21,9,215043.9,26.9,756.49,215773.49,completed,Bulk discount applied,2025-03-02T21:00:00,2025-03-02T21:00:00
130,PO-2024-00130,41,11,212511.9,183.87,608.97,212937.0,cancelled,,2025-03-29T07:00:00,2025-03-29T07:00:00
131,PO-2024-00131,29,3,729528.64,491.73,120.75,729157.66,completed,Quality check pending,2024-07-17T09:00:00,2024-07-17T09:00:00
132,PO-2024-00132,25,1,668054.3,214.25,578.77,668418.82,completed,,2025-06-10T03:00:00,2025-06-10T03:00:00
133,PO-2024-00133,1,6,557916.51,233.17,940.62,558623.96,completed,,2025-08-21T08:00:00,2025-08-21T08:00:00
134,PO-2024-00134,4,11,781927.82,307.8,678.8,782298.82,completed,Partial delivery,2024-11-26T19:00:00,2024-11-26T19:00:00
135,PO-2024-00135,23,2,510465.19,392.02,351.97,510425.14,completed,,2025-08-09T17:00:00,2025-08-09T17:00:00
136,PO-2024-00136,33,3,187417.07,207.97,560.18,187769.28,completed,,2025-06-17T02:00:00,2025-06-17T02:00:00
137,PO-2024-00137,43,6,811112.13,165.53,328.9,811275.5,cancelled,Bulk discount applied,2024-08-14T06:00:00,2024-08-14T06:00:00
138,PO-2024-00138,49,11,722927.57,4.4,685.49,723608.66,completed,,2025-05-01T17:00:00,2025-05-01T17:00:00
139,PO-2024-00139,40,4,410579.57,479.45,698.42,410798.54,completed,Rush order,2025-10-19T19:00:00,2025-10-19T19:00:00
140,PO-2024-00140,17,9,297118.39,361.99,73.47,296829.87,cancelled,Partial delivery,2024-04-26T12:00:00,2024-04-26T12:00:00
141,PO-2024-00141,33,8,947846.01,243.4,331.61,947934.22,completed,,2025-01-18T16:00:00,2025-01-18T16:00:00
142,PO-2024-00142,7,3,1311396.69,485.81,784.65,1311695.53,cancelled,,2025-06-10T02:00:00,2025-06-10T02:00:00
143,PO-2024-00143,14,11,84964.9,314.76,252.52,84902.66,completed,Partial delivery,2025-10-03T02:00:00,2025-10-03T02:00:00
144,PO-2024-00144,35,7,71946.09,323.28,942.76,72565.57,completed,,2024-04-16T06:00:00,2024-04-16T06:00:00
145,PO-2024-00145,22,1,372688.7,43.76,101.55,372746.49,completed,Bulk discount applied,2025-04-15T22:00:00,2025-04-15T22:00:00
146,PO-2024-00146,15,5,116108.09,203.82,478.57,116382.84,completed,Rush order,2024-03-13T18:00:00,2024-03-13T18:00:00
147,PO-2024-00147,25,11,261918.44,59.15,55.6,261914.89,cancelled,,2024-11-19T00:00:00,2024-11-19T00:00:00
148,PO-2024-00148,45,2,623420.01,178.85,527.7,623768.86,completed,Partial delivery,2025-08-22T01:00:00,2025-08-22T01:00:00
149,PO-2024-00149,6,5,459194.44,382.64,465.79,459277.59,completed,Partial delivery,2024-11-04T19:00:00,2024-11-04T19:00:00
150,PO-2024-00150,31,3,1361952.34,266.73,179.56,1361865.17,completed,Partial delivery,2025-11-07T00:00:00,2025-11-07T00:00:00
151,PO-2024-00151,41,3,468592.22,149.03,892.63,469335.82,completed,,2025-07-12T09:00:00,2025-07-12T09:00:00
152,PO-2024-00152,10,2,818143.32,20.89,594.08,818716.51,completed,Bulk discount applied,2025-07-20T17:00:00,2025-07-20T17:00:00
153,PO-2024-00153,20,4,542640.33,374.15,908.37,543174.55,completed,,2025-07-14T02:00:00,2025-07-14T02:00:00
154,PO-2024-00154,33,3,36714.23,80.48,259.75,36893.5,completed,,2025-02-26T20:00:00,2025-02-26T20:00:00
155,PO-2024-00155,43,10,887610.94,426.13,858.82,888043.63,cancelled,Rush order,2024-04-27T05:00:00,2024-04-27T05:00:00
156,PO-2024-00156,5,5,990112.2,335.84,288.15,990064.51,completed,Quality check pending,2025-10-22T17:00:00,2025-10-22T17:00:00
157,PO-2024-00157,22,6,692912.21,64.11,672.7,693520.8,completed,,2025-08-17T15:00:00,2025-08-17T15:00:00
158,PO-2024-00158,13,6,1036750.14,242.93,361.93,1036869.14,completed,Quality check pending,2025-09-26T02:00:00,2025-09-26T02:00:00
159,PO-2024-00159,37,10,1113482.22,182.25,350.52,1113650.49,completed,,2025-08-21T04:00:00,2025-08-21T04:00:00
160,PO-2024-00160,16,4,396447.1,356.1,658.8,396749.8,completed,Partial delivery,2024-01-05T10:00:00,2024-01-05T10:00:00
161,PO-2024-00161,44,6,469518.48,438.94,489.71,469569.25,completed,Partial delivery,2025-01-03T04:00:00,2025-01-03T04:00:00
162,PO-2024-00162,36,2,364969.76,87.89,626.3,365508.17,completed,Partial delivery,2024-11-08T15:00:00,2024-11-08T15:00:00
163,PO-2024-00163,13,5,703839.87,366.77,645.29,704118.39,completed,,2024-05-23T17:00:00,2024-05-23T17:00:00
164,PO-2024-00164,2,10,359213.99,289.45,780.74,359705.28,completed,,2025-06-03T20:00:00,2025-06-03T20:00:00
165,PO-2024-00165,35,9,249071.17,236.05,786.44,249621.56,completed,Rush order,2025-07-18T08:00:00,2025-07-18T08:00:00
166,PO-2024-00166,47,5,414090.62,66.94,526.07,414549.75,completed,Rush order,2024-08-16T18:00:00,2024-08-16T18:00:00
167,PO-2024-00167,1,11,969124.04,119.44,965.8,969970.4,cancelled,Quality check pending,2025-01-07T16:00:00,2025-01-07T16:00:00
168,PO-2024-00168,9,8,858332.27,79.61,588.04,858840.7,cancelled,Quality check pending,2024-06-18T16:00:00,2024-06-18T16:00:00
169,PO-2024-00169,47,8,733683.12,469.59,88.4,733301.93,completed,,2024-05-29T23:00:00,2024-05-29T23:00:00
170,PO-2024-00170,24,4,654508.22,21.4,246.44,654733.26,completed,Rush order,2024-03-05T08:00:00,2024-03-05T08:00:00
171,PO-2024-00171,3,1,171473.91,490.29,357.87,171341.49,cancelled,Quality check pending,2025-04-25T14:00:00,2025-04-25T14:00:00
172,PO-2024-00172,17,10,81943.9,272.18,215.16,81886.88,completed,,2024-10-07T23:00:00,2024-10-07T23:00:00
173,PO-2024-00173,5,9,293651.18,125.79,974.04,294499.43,completed,Bulk discount applied,2025-08-24T20:00:00,2025-08-24T20:00:00
174,PO-2024-00174,23,8,436701.36,396.33,892.81,437197.84,completed,Bulk discount applied,2025-02-19T11:00:00,2025-02-19T11:00:00
175,PO-2024-00175,11,4,228376.5,38.54,661.3,228999.26,completed,,2024-05-22T14:00:00,2024-05-22T14:00:00
176,PO-2024-00176,24,10,1482043.87,358.65,162.41,1481847.63,completed,Rush order,2024-07-10T05:00:00,2024-07-10T05:00:00
177,PO-2024-00177,8,8,539975.15,337.61,505.07,540142.61,cancelled,,2024-12-04T23:00:00,2024-12-04T23:00:00
178,PO-2024-00178,2,4,679847.5,21.57,594.81,680420.74,completed,,2025-10-24T13:00:00,2025-10-24T13:00:00
179,PO-2024-00179,3,10,656117.43,73.43,208.02,656252.02,completed,Bulk discount applied,2025-10-06T16:00:00,2025-10-06T16:00:00
180,PO-2024-00180,37,11,22578.24,9.31,733.57,23302.5,completed,,2025-02-19T19:00:00,2025-02-19T19:00:00
181,PO-2024-00181,39,8,1628983.66,433.65,212.04,1628762.05,completed,Bulk discount applied,2024-08-09T14:00:00,2024-08-09T14:00:00
182,PO-2024-00182,50,3,1323647.44,311.61,535.26,1323871.09,completed,Quality check pending,2024-05-26T18:00:00,2024-05-26T18:00:00
183,PO-2024-00183,39,10,209290.12,34.42,409.3,209665.0,completed,,2024-12-16T14:00:00,2024-12-16T14:00:00
184,PO-2024-00184,34,9,8107.53,342.18,835.19,8600.54,cancelled,,2024-01-17T06:00:00,2024-01-17T06:00:00
185,PO-2024-00185,40,10,360749.0,19.52,794.67,361524.15,cancelled,Partial delivery,2024-06-30T15:00:00,2024-06-30T15:00:00
186,PO-2024-00186,31,11,458192.22,65.16,623.3,458750.36,completed,Partial delivery,2024-04-30T02:00:00,2024-04-30T02:00:00
187,PO-2024-00187,28,9,400081.43,210.34,881.08,400752.17,cancelled,Rush order,2025-11-25T20:00:00,2025-11-25T20:00:00
188,PO-2024-00188,50,7,427907.81,175.26,814.39,428546.94,cancelled,,2024-08-22T15:00:00,2024-08-22T15:00:00
189,PO-2024-00189,17,8,471158.22,382.93,914.58,471689.87,completed,,2025-03-11T04:00:00,2025-03-11T04:00:00
190,PO-2024-00190,27,5,838891.85,94.51,723.69,839521.03,completed,Bulk discount applied,2025-09-04T17:00:00,2025-09-04T17:00:00
191,PO-2024-00191,34,1,356219.14,187.51,245.15,356276.78,completed,Rush order,2025-06-19T03:00:00,2025-06-19T03:00:00
192,PO-2024-00192,10,7,617795.25,325.79,290.95,617760.41,cancelled,Rush order,2025-01-05T03:00:00,2025-01-05T03:00:00
193,PO-2024-00193,40,5,604450.89,495.9,427.58,604382.57,completed,Rush order,2025-08-01T11:00:00,2025-08-01T11:00:00
194,PO-2024-00194,31,3,1153017.11,185.11,577.17,1153409.17,completed,,2025-07-19T17:00:00,2025-07-19T17:00:00
195,PO-2024-00195,50,7,644019.26,367.89,862.25,644513.62,completed,Quality check pending,2025-08-14T11:00:00,2025-08-14T11:00:00
196,PO-2024-00196,45,3,1044745.21,50.14,532.93,1045228.0,completed,Partial delivery,2024-08-23T14:00:00,2024-08-23T14:00:00
197,PO-2024-00197,45,11,1164092.81,353.39,202.7,1163942.12,completed,Partial delivery,2025-07-17T19:00:00,2025-07-17T19:00:00
198,PO-2024-00198,31,10,199612.27,217.69,110.88,199505.46,completed,,2024-04-03T04:00:00,2024-04-03T04:00:00
199,PO-2024-00199,3,7,389724.06,465.34,430.61,389689.33,cancelled,,2024-03-22T19:00:00,2024-03-22T19:00:00
200,PO-2024-00200,50,3,660295.74,320.15,467.02,660442.61,completed,Partial delivery,2025-09-03T01:00:00,2025-09-03T01:00:00
201,PO-2024-00201,19,4,757020.15,16.8,619.54,757622.89,cancelled,Quality check pending,2025-11-03T16:00:00,2025-11-03T16:00:00
202,PO-2024-00202,11,11,429073.94,18.03,277.29,429333.2,completed,,2024-08-25T19:00:00,2024-08-25T19:00:00
203,PO-2024-00203,50,7,71895.33,176.56,425.39,72144.16,cancelled,,2024-03-29T08:00:00,2024-03-29T08:00:00
204,PO-2024-00204,48,2,229337.21,459.59,572.11,229449.73,cancelled,Bulk discount applied,2025-06-14T00:00:00,2025-06-14T00:00:00
205,PO-2024-00205,18,4,871511.13,303.18,234.8,871442.75,completed,Bulk discount applied,2024-12-22T11:00:00,2024-12-22T11:00:00
206,PO-2024-00206,12,7,1511802.09,253.12,580.7,1512129.67,cancelled,,2024-01-05T08:00:00,2024-01-05T08:00:00
207,PO-2024-00207,33,5,699311.64,438.06,822.49,699696.07,cancelled,,2024-12-14T03:00:00,2024-12-14T03:00:00
208,PO-2024-00208,37,8,150558.81,384.98,769.6,150943.43,completed,Quality check pending,2025-03-29T12:00:00,2025-03-29T12:00:00
209,PO-2024-00209,2,8,851717.39,58.13,114.18,851773.44,completed,Quality check pending,2025-04-16T18:00:00,2025-04-16T18:00:00
210,PO-2024-00210,27,6,480553.08,258.25,59.24,480354.07,completed,,2024-08-23T10:00:00,2024-08-23T10:00:00
211,PO-2024-00211,26,11,655709.55,374.39,374.89,655710.05,cancelled,,2024-10-21T02:00:00,2024-10-21T02:00:00
212,PO-2024-00212,23,4,637624.74,447.16,305.62,637483.2,completed,Rush order,2025-05-02T10:00:00,2025-05-02T10:00:00
213,PO-2024-00213,48,4,1049567.43,436.37,246.44,1049377.5,completed,Partial delivery,2024-07-23T07:00:00,2024-07-23T07:00:00
214,PO-2024-00214,23,3,330320.22,389.47,163.88,330094.63,completed,Quality check pending,2024-09-12T19:00:00,2024-09-12T19:00:00
215,PO-2024-00215,40,1,858449.33,382.12,564.4,858631.61,completed,Partial delivery,2025-11-10T15:00:00,2025-11-10T15:00:00
216,PO-2024-00216,40,6,319647.02,246.17,986.09,320386.94,cancelled,Partial delivery,2025-05-08T11:00:00,2025-05-08T11:00:00
217,PO-2024-00217,12,9,91717.61,140.13,260.99,91838.47,cancelled,,2024-10-08T15:00:00,2024-10-08T15:00:00
218,PO-2024-00218,28,8,223811.53,469.83,80.93,223422.63,completed,Rush order,2024-02-25T16:00:00,2024-02-25T16:00:00
219,PO-2024-00219,8,9,447696.65,230.04,704.75,448171.36,completed,Quality check pending,2024-06-27T14:00:00,2024-06-27T14:00:00
220,PO-2024-00220,38,2,363191.58,162.72,632.14,363661.0,completed,,2024-08-03T12:00:00,2024-08-03T12:00:00
221,PO-2024-00221,16,5,219802.88,235.67,632.43,220199.64,completed,,2025-07-15T08:00:00,2025-07-15T08:00:00
222,PO-2024-00222,14,7,384858.54,350.36,403.69,384911.87,completed,,2025-05-25T13:00:00,2025-05-25T13:00:00
223,PO-2024-00223,37,3,1046371.55,489.64,701.71,1046583.62,completed,Quality check pending,2025-04-06T05:00:00,2025-04-06T05:00:00
224,PO-2024-00224,36,7,635539.8,428.15,236.26,635347.91,completed,Rush order,2024-10-03T07:00:00,2024-10-03T07:00:00
225,PO-2024-00225,27,8,152075.94,67.24,898.61,152907.31,cancelled,Bulk discount applied,2024-01-10T05:00:00,2024-01-10T05:00:00
226,PO-2024-00226,20,5,187408.11,281.07,589.44,187716.48,completed,,2024-11-19T15:00:00,2024-11-19T15:00:00
227,PO-2024-00227,14,5,591667.48,238.27,648.37,592077.58,completed,Quality check pending,2024-06-16T01:00:00,2024-06-16T01:00:00
228,PO-2024-00228,24,6,49262.88,280.18,935.25,49917.95,completed,,2024-12-08T08:00:00,2024-12-08T08:00:00
229,PO-2024-00229,8,6,708618.23,433.68,964.96,709149.51,completed,Bulk discount applied,2024-01-21T13:00:00,2024-01-21T13:00:00
230,PO-2024-00230,42,9,379772.61,87.27,791.29,380476.63,completed,,2025-08-12T20:00:00,2025-08-12T20:00:00
231,PO-2024-00231,32,8,77346.2,444.82,412.02,77313.4,completed,Rush order,2025-11-20T16:00:00,2025-11-20T16:00:00
232,PO-2024-00232,11,11,885401.53,403.86,370.52,885368.19,cancelled,Bulk discount applied,2025-10-08T04:00:00,2025-10-08T04:00:00
233,PO-2024-00233,6,3,932780.77,171.81,347.81,932956.77,completed,Quality check pending,2025-02-18T02:00:00,2025-02-18T02:00:00
234,PO-2024-00234,42,7,779769.68,135.62,472.65,780106.71,completed,Quality check pending,2024-09-30T19:00:00,2024-09-30T19:00:00
235,PO-2024-00235,29,7,489668.22,83.66,861.5,490446.06,completed,Quality check pending,2025-08-24T16:00:00,2025-08-24T16:00:00
236,PO-2024-00236,17,2,717415.62,105.29,427.19,717737.52,completed,,2024-08-28T21:00:00,2024-08-28T21:00:00
237,PO-2024-00237,4,1,930162.69,385.47,547.78,930325.0,completed,,2025-04-29T17:00:00,2025-04-29T17:00:00
238,PO-2024-00238,10,2,1003338.52,327.42,891.2,1003902.3,completed,,2024-09-25T19:00:00,2024-09-25T19:00:00
239,PO-2024-00239,19,8,322953.35,313.24,174.71,322814.82,completed,,2024-09-10T23:00:00,2024-09-10T23:00:00
240,PO-2024-00240,23,6,606941.72,432.12,493.83,607003.43,cancelled,,2024-02-05T21:00:00,2024-02-05T21:00:00
241,PO-2024-00241,9,9,428797.23,88.52,617.7,429326.41,cancelled,Rush order,2025-07-15T14:00:00,2025-07-15T14:00:00
242,PO-2024-00242,41,9,387157.34,154.83,379.81,387382.32,cancelled,,2025-06-20T20:00:00,2025-06-20T20:00:00
243,PO-2024-00243,20,6,126709.99,206.1,197.93,126701.82,completed,,2024-04-01T14:00:00,2024-04-01T14:00:00
244,PO-2024-00244,23,5,158913.94,234.6,57.9,158737.24,completed,Partial delivery,2025-06-19T04:00:00,2025-06-19T04:00:00
245,PO-2024-00245,1,7,1024921.51,398.98,617.15,1025139.68,completed,Bulk discount applied,2025-05-03T09:00:00,2025-05-03T09:00:00
246,PO-2024-00246,27,9,206733.81,218.55,287.4,206802.66,completed,Partial delivery,2025-01-17T06:00:00,2025-01-17T06:00:00
247,PO-2024-00247,17,2,879888.04,211.12,277.58,879954.5,cancelled,Partial delivery,2025-01-22T07:00:00,2025-01-22T07:00:00
248,PO-2024-00248,42,9,226283.94,404.4,442.26,226321.8,completed,,2024-10-05T09:00:00,2024-10-05T09:00:00
249,PO-2024-00249,8,11,1036150.74,227.67,480.13,1036403.2,cancelled,Rush order,2024-05-19T09:00:00,2024-05-19T09:00:00
250,PO-2024-00250,2,3,36383.27,24.82,558.22,36916.67,completed,,2024-07-11T10:00:00,2024-07-11T10:00:00
251,PO-2024-00251,9,8,942143.07,363.55,271.17,942050.69,completed,,2024-10-15T08:00:00,2024-10-15T08:00:00
252,PO-2024-00252,22,7,257947.06,155.79,809.49,258600.76,completed,Rush order,2025-05-20T06:00:00,2025-05-20T06:00:00
253,PO-2024-00253,6,3,299672.04,28.02,786.87,300430.89,completed,Bulk discount applied,2024-02-02T10:00:00,2024-02-02T10:00:00
254,PO-2024-00254,13,5,396102.45,408.63,836.84,396530.66,completed,Partial delivery,2025-04-26T05:00:00,2025-04-26T05:00:00
255,PO-2024-00255,50,8,26129.21,123.58,994.81,27000.44,completed,Rush order,2024-09-11T12:00:00,2024-09-11T12:00:00
256,PO-2024-00256,43,4,210606.44,236.41,697.37,211067.4,completed,,2024-04-06T16:00:00,2024-04-06T16:00:00
257,PO-2024-00257,47,1,17070.62,372.36,572.1,17270.36,completed,,2024-06-11T20:00:00,2024-06-11T20:00:00
258,PO-2024-00258,20,4,511321.59,180.21,99.48,511240.86,completed,,2025-05-07T20:00:00,2025-05-07T20:00:00
259,PO-2024-00259,28,6,544738.21,7.53,804.67,545535.35,cancelled,,2024-08-29T20:00:00,2024-08-29T20:00:00
260,PO-2024-00260,1,1,637198.3,290.54,706.21,637613.97,cancelled,,2025-02-09T07:00:00,2025-02-09T07:00:00
261,PO-2024-00261,16,3,946968.93,249.96,701.65,947420.62,completed,Partial delivery,2025-01-15T02:00:00,2025-01-15T02:00:00
262,PO-2024-00262,4,6,1033480.09,322.29,716.26,1033874.06,completed,,2025-10-02T01:00:00,2025-10-02T01:00:00
263,PO-2024-00263,21,9,196553.62,394.28,768.86,196928.2,completed,Quality check pending,2025-05-14T07:00:00,2025-05-14T07:00:00
264,PO-2024-00264,45,7,567151.03,179.08,178.0,567149.95,completed,Rush order,2024-07-16T00:00:00,2024-07-16T00:00:00
265,PO-2024-00265,19,9,1410844.05,348.52,230.29,1410725.82,completed,Bulk discount applied,2025-03-24T17:00:00,2025-03-24T17:00:00
266,PO-2024-00266,47,8,22946.85,137.66,839.78,23648.97,cancelled,,2024-12-22T10:00:00,2024-12-22T10:00:00
267,PO-2024-00267,10,8,444624.61,147.84,300.18,444776.95,completed,Rush order,2024-03-11T16:00:00,2024-03-11T16:00:00
268,PO-2024-00268,33,7,393717.06,366.83,888.79,394239.02,cancelled,Partial delivery,2024-01-01T20:00:00,2024-01-01T20:00:00
269,PO-2024-00269,16,6,648112.6,360.5,675.37,648427.47,cancelled,Partial delivery,2025-01-07T19:00:00,2025-01-07T19:00:00
270,PO-2024-00270,34,11,56066.59,248.77,573.89,56391.71,cancelled,,2025-01-31T06:00:00,2025-01-31T06:00:00
271,PO-2024-00271,42,6,188225.64,55.23,547.04,188717.45,completed,,2024-11-26T13:00:00,2024-11-26T13:00:00
272,PO-2024-00272,3,4,463946.67,53.53,232.04,464125.18,completed,Bulk discount applied,2024-05-12T05:00:00,2024-05-12T05:00:00
273,PO-2024-00273,43,8,654886.86,262.91,716.25,655340.2,completed,,2025-10-19T12:00:00,2025-10-19T12:00:00
274,PO-2024-00274,39,2,539561.61,6.54,924.98,540480.05,completed,Partial delivery,2025-01-10T07:00:00,2025-01-10T07:00:00
275,PO-2024-00275,41,1,41054.26,180.46,756.3,41630.1,completed,Partial delivery,2024-03-22T14:00:00,2024-03-22T14:00:00
276,PO-2024-00276,4,10,9091.96,132.91,88.62,9047.67,completed,Partial delivery,2025-01-12T22:00:00,2025-01-12T22:00:00
277,PO-2024-00277,14,9,588013.53,48.56,738.91,588703.88,cancelled,Rush order,2024-11-07T02:00:00,2024-11-07T02:00:00
278,PO-2024-00278,34,11,749606.31,124.38,644.06,750125.99,completed,Bulk discount applied,2024-07-13T06:00:00,2024-07-13T06:00:00
279,PO-2024-00279,48,2,144523.95,383.14,597.74,144738.55,completed,Quality check pending,2025-07-25T13:00:00,2025-07-25T13:00:00
280,PO-2024-00280,7,3,766123.17,396.23,572.47,766299.41,cancelled,,2025-11-12T13:00:00,2025-11-12T13:00:00
281,PO-2024-00281,35,10,12060.26,221.51,384.71,12223.46,completed,Bulk discount applied,2025-11-04T05:00:00,2025-11-04T05:00:00
282,PO-2024-00282,27,11,805247.91,215.29,739.57,805772.19,cancelled,,2024-11-28T11:00:00,2024-11-28T11:00:00
283,PO-2024-00283,14,7,195240.02,382.85,929.84,195787.01,completed,,2025-07-30T17:00:00,2025-07-30T17:00:00
284,PO-2024-00284,26,1,82527.81,363.16,983.81,83148.46,cancelled,,2025-04-08T14:00:00,2025-04-08T14:00:00
285,PO-2024-00285,20,1,186312.06,150.17,260.79,186422.68,completed,,2025-06-14T04:00:00,2025-06-14T04:00:00
286,PO-2024-00286,33,9,1108204.93,285.33,593.03,1108512.63,completed,,2024-10-09T17:00:00,2024-10-09T17:00:00
287,PO-2024-00287,10,3,458989.55,132.49,895.14,459752.2,completed,,2025-04-16T11:00:00,2025-04-16T11:00:00
288,PO-2024-00288,6,10,500030.65,199.9,921.99,500752.74,completed,Quality check pending,2024-09-19T09:00:00,2024-09-19T09:00:00
289,PO-2024-00289,12,8,1162134.25,412.85,705.12,1162426.52,cancelled,Partial delivery,2024-11-28T15:00:00,2024-11-28T15:00:00
290,PO-2024-00290,42,5,376699.37,18.69,817.92,377498.6,completed,,2024-04-07T19:00:00,2024-04-07T19:00:00
291,PO-2024-00291,23,7,593351.83,208.26,874.44,594018.01,completed,Quality check pending,2024-02-27T10:00:00,2024-02-27T10:00:00
292,PO-2024-00292,1,11,374034.89,388.71,413.36,374059.54,completed,Bulk discount applied,2025-10-30T19:00:00,2025-10-30T19:00:00
293,PO-2024-00293,35,10,125704.66,74.79,527.28,126157.15,completed,,2024-02-12T10:00:00,2024-02-12T10:00:00
294,PO-2024-00294,47,7,486569.03,485.52,765.2,486848.71,cancelled,Bulk discount applied,2024-02-21T21:00:00,2024-02-21T21:00:00
295,PO-2024-00295,28,5,139352.57,393.18,190.61,139150.0,completed,,2024-04-02T07:00:00,2024-04-02T07:00:00
296,PO-2024-00296,48,1,370887.82,274.08,299.43,370913.17,completed,Bulk discount applied,2025-05-02T18:00:00,2025-05-02T18:00:00
297,PO-2024-00297,9,3,557271.15,240.46,238.2,557268.89,completed,Quality check pending,2025-03-20T22:00:00,2025-03-20T22:00:00
298,PO-2024-00298,36,10,328002.03,498.54,548.04,328051.53,completed,,2025-08-08T06:00:00,2025-08-08T06:00:00
299,PO-2024-00299,21,11,741625.59,462.07,135.11,741298.63,completed,Rush order,2024-09-29T13:00:00,2024-09-29T13:00:00
300,PO-2024-00300,13,6,1070516.65,172.26,672.64,1071017.03,completed,,2025-01-09T11:00:00,2025-01-09T11:00:00
301,PO-2024-00301,29,10,92391.44,72.91,92.63,92411.16,completed,,2024-12-24T19:00:00,2024-12-24T19:00:00
302,PO-2024-00302,49,2,822161.93,56.19,101.81,822207.55,cancelled,,2025-01-17T04:00:00,2025-01-17T04:00:00
303,PO-2024-00303,22,2,441406.75,152.56,497.63,441751.82,completed,,2024-10-21T00:00:00,2024-10-21T00:00:00
304,PO-2024-00304,14,9,429544.38,261.63,295.73,429578.48,completed,Bulk discount applied,2025-07-04T06:00:00,2025-07-04T06:00:00
305,PO-2024-00305,45,11,365486.07,9.19,603.85,366080.73,cancelled,,2024-05-24T22:00:00,2024-05-24T22:00:00
306,PO-2024-00306,4,5,749804.09,100.35,711.7,750415.44,completed,,2024-09-18T05:00:00,2024-09-18T05:00:00
307,PO-2024-00307,1,2,392714.95,194.32,307.74,392828.37,completed,Partial delivery,2025-04-21T20:00:00,2025-04-21T20:00:00
308,PO-2024-00308,19,11,961975.85,193.26,980.8,962763.39,cancelled,Quality check pending,2024-04-20T00:00:00,2024-04-20T00:00:00
309,PO-2024-00309,32,10,564499.42,265.78,227.1,564460.74,cancelled,Rush order,2024-04-11T10:00:00,2024-04-11T10:00:00
310,PO-2024-00310,2,1,686962.95,123.7,552.94,687392.19,completed,Rush order,2025-07-28T22:00:00,2025-07-28T22:00:00
311,PO-2024-00311,11,1,169510.03,173.39,384.32,169720.96,completed,,2025-02-06T23:00:00,2025-02-06T23:00:00
312,PO-2024-00312,4,11,276084.17,128.84,417.81,276373.14,completed,Bulk discount applied,2025-05-28T08:00:00,2025-05-28T08:00:00
313,PO-2024-00313,10,6,374876.2,448.59,674.09,375101.7,completed,Quality check pending,2024-10-13T07:00:00,2024-10-13T07:00:00
314,PO-2024-00314,44,10,344714.6,436.35,702.2,344980.45,completed,,2025-01-26T16:00:00,2025-01-26T16:00:00
315,PO-2024-00315,28,5,107646.76,454.87,362.82,107554.71,cancelled,,2025-08-09T04:00:00,2025-08-09T04:00:00
316,PO-2024-00316,9,10,27059.39,270.68,810.1,27598.81,completed,,2024-07-30T20:00:00,2024-07-30T20:00:00
317,PO-2024-00317,28,3,640154.35,328.12,586.6,640412.83,completed,,2025-06-20T04:00:00,2025-06-20T04:00:00
318,PO-2024-00318,35,2,434202.23,92.07,847.55,434957.71,completed,Quality check pending,2024-03-10T17:00:00,2024-03-10T17:00:00
319,PO-2024-00319,27,7,124079.96,151.67,758.33,124686.62,completed,,2024-01-31T10:00:00,2024-01-31T10:00:00
320,PO-2024-00320,9,3,125273.2,13.1,986.66,126246.76,cancelled,,2024-07-11T03:00:00,2024-07-11T03:00:00
321,PO-2024-00321,40,4,531120.3,298.18,269.37,531091.49,completed,,2025-09-12T18:00:00,2025-09-12T18:00:00
322,PO-2024-00322,50,8,597153.56,67.04,853.83,597940.35,completed,Quality check pending,2024-03-22T22:00:00,2024-03-22T22:00:00
323,PO-2024-00323,12,7,402462.4,245.72,180.64,402397.32,completed,,2025-10-27T11:00:00,2025-10-27T11:00:00
324,PO-2024-00324,49,1,1091030.39,462.72,952.69,1091520.36,completed,Quality check pending,2024-02-03T13:00:00,2024-02-03T13:00:00
325,PO-2024-00325,49,4,147189.43,33.07,930.75,148087.11,completed,Partial delivery,2025-11-18T06:00:00,2025-11-18T06:00:00
326,PO-2024-00326,45,6,276246.61,433.39,893.21,276706.43,completed,Rush order,2025-09-23T15:00:00,2025-09-23T15:00:00
327,PO-2024-00327,48,7,409546.49,360.1,424.44,409610.83,cancelled,Bulk discount applied,2024-02-12T19:00:00,2024-02-12T19:00:00
328,PO-2024-00328,42,1,860308.3,260.32,479.03,860527.01,completed,,2025-07-03T16:00:00,2025-07-03T16:00:00
329,PO-2024-00329,26,1,331698.97,278.85,540.32,331960.44,completed,,2025-06-15T17:00:00,2025-06-15T17:00:00
330,PO-2024-00330,26,5,579814.43,386.84,321.62,579749.21,completed,Rush order,2024-10-25T14:00:00,2024-10-25T14:00:00
331,PO-2024-00331,4,9,484349.12,451.84,490.4,484387.68,completed,,2024-10-28T19:00:00,2024-10-28T19:00:00
332,PO-2024-00332,12,10,1012047.62,468.92,711.31,1012290.01,completed,Rush order,2025-05-27T03:00:00,2025-05-27T03:00:00
333,PO-2024-00333,29,1,114758.17,89.44,610.8,115279.53,completed,Rush order,2025-02-27T10:00:00,2025-02-27T10:00:00
334,PO-2024-00334,21,11,1099416.93,453.58,806.66,1099770.01,completed,,2024-04-02T08:00:00,2024-04-02T08:00:00
335,PO-2024-00335,29,11,579574.65,181.47,547.63,579940.81,completed,Quality check pending,2024-04-26T22:00:00,2024-04-26T22:00:00
336,PO-2024-00336,11,7,512433.21,275.17,91.71,512249.75,completed,,2025-06-07T19:00:00,2025-06-07T19:00:00
337,PO-2024-00337,10,3,1013160.33,434.41,219.92,1012945.84,completed,Rush order,2025-08-02T21:00:00,2025-08-02T21:00:00
338,PO-2024-00338,47,8,329722.62,144.39,221.66,329799.89,completed,,2024-11-11T09:00:00,2024-11-11T09:00:00
339,PO-2024-00339,49,5,506877.0,6.1,522.75,507393.65,completed,Bulk discount applied,2024-01-04T19:00:00,2024-01-04T19:00:00
340,PO-2024-00340,32,4,140424.25,108.44,676.5,140992.31,completed,Rush order,2024-01-06T19:00:00,2024-01-06T19:00:00
341,PO-2024-00341,39,10,399585.02,3.29,888.06,400469.79,completed,Bulk discount applied,2025-03-28T02:00:00,2025-03-28T02:00:00
342,PO-2024-00342,14,1,697478.24,92.42,102.31,697488.13,completed,,2025-10-05T17:00:00,2025-10-05T17:00:00
343,PO-2024-00343,43,10,371438.21,419.01,333.52,371352.72,completed,,2024-05-28T01:00:00,2024-05-28T01:00:00
344,PO-2024-00344,12,3,894523.17,336.05,630.54,894817.66,cancelled,Bulk discount applied,2024-04-21T13:00:00,2024-04-21T13:00:00
345,PO-2024-00345,30,10,453265.88,180.09,84.05,453169.84,completed,,2025-07-29T05:00:00,2025-07-29T05:00:00
346,PO-2024-00346,5,7,534157.92,421.65,111.68,533847.95,completed,,2025-01-12T12:00:00,2025-01-12T12:00:00
347,PO-2024-00347,18,6,156790.21,263.53,548.41,157075.09,completed,Bulk discount applied,2024-05-04T22:00:00,2024-05-04T22:00:00
348,PO-2024-00348,37,11,126379.07,264.47,133.29,126247.89,cancelled,Partial delivery,2024-02-29T03:00:00,2024-02-29T03:00:00
349,PO-2024-00349,39,6,743899.31,129.83,596.39,744365.87,cancelled,,2024-10-21T13:00:00,2024-10-21T13:00:00
350,PO-2024-00350,37,8,647755.12,259.85,650.26,648145.53,completed,Partial delivery,2024-05-12T19:00:00,2024-05-12T19:00:00
351,PO-2024-00351,15,5,785446.37,489.63,51.5,785008.24,completed,Rush order,2024-07-03T19:00:00,2024-07-03T19:00:00
352,PO-2024-00352,48,4,224021.07,399.78,999.04,224620.33,completed,,2025-10-02T03:00:00,2025-10-02T03:00:00
353,PO-2024-00353,36,11,142608.19,106.17,658.59,143160.61,completed,,2024-12-07T11:00:00,2024-12-07T11:00:00
354,PO-2024-00354,20,9,69421.78,275.0,778.68,69925.46,completed,Quality check pending,2024-03-10T09:00:00,2024-03-10T09:00:00
355,PO-2024-00355,26,10,959598.14,308.0,77.66,959367.8,completed,,2024-12-07T10:00:00,2024-12-07T10:00:00
356,PO-2024-00356,44,8,535722.59,458.08,807.39,536071.9,completed,Rush order,2024-12-04T10:00:00,2024-12-04T10:00:00
357,PO-2024-00357,30,9,642983.81,447.96,489.35,643025.2,completed,Quality check pending,2024-06-08T20:00:00,2024-06-08T20:00:00
358,PO-2024-00358,20,10,92982.16,362.48,349.73,92969.41,cancelled,,2024-02-27T16:00:00,2024-02-27T16:00:00
359,PO-2024-00359,44,6,411507.32,399.77,893.63,412001.18,completed,,2024-08-01T18:00:00,2024-08-01T18:00:00
360,PO-2024-00360,2,6,821741.75,491.81,645.19,821895.13,completed,Bulk discount applied,2024-06-01T08:00:00,2024-06-01T08:00:00
361,PO-2024-00361,12,10,489237.48,58.42,793.23,489972.29,completed,Quality check pending,2025-09-12T12:00:00,2025-09-12T12:00:00
362,PO-2024-00362,3,5,37808.23,206.93,522.2,38123.5,completed,,2024-11-18T22:00:00,2024-11-18T22:00:00
363,PO-2024-00363,14,9,131732.77,151.16,156.62,131738.23,completed,Partial delivery,2025-04-07T09:00:00,2025-04-07T09:00:00
364,PO-2024-00364,29,9,231646.0,12.47,508.53,232142.06,cancelled,,2024-07-25T02:00:00,2024-07-25T02:00:00
365,PO-2024-00365,31,9,223468.93,155.18,360.97,223674.72,completed,Partial delivery,2024-07-13T10:00:00,2024-07-13T10:00:00
366,PO-2024-00366,9,4,1056832.71,362.29,486.4,1056956.82,cancelled,,2025-06-12T21:00:00,2025-06-12T21:00:00
367,PO-2024-00367,3,11,393186.78,424.06,878.28,393641.0,completed,Rush order,2024-01-05T09:00:00,2024-01-05T09:00:00
368,PO-2024-00368,34,11,557995.17,372.78,71.36,557693.75,completed,Quality check pending,2024-02-17T03:00:00,2024-02-17T03:00:00
369,PO-2024-00369,13,4,245852.24,143.28,555.66,246264.62,completed,Quality check pending,2024-08-02T10:00:00,2024-08-02T10:00:00
370,PO-2024-00370,10,3,507523.77,136.82,64.49,507451.44,cancelled,Bulk discount applied,2024-04-30T08:00:00,2024-04-30T08:00:00
371,PO-2024-00371,14,9,110851.91,175.16,352.56,111029.31,completed,Quality check pending,2025-06-10T03:00:00,2025-06-10T03:00:00
372,PO-2024-00372,16,3,536664.32,35.62,632.6,537261.3,completed,Bulk discount applied,2024-10-17T18:00:00,2024-10-17T18:00:00
373,PO-2024-00373,9,1,498560.43,235.37,691.72,499016.78,completed,Rush order,2025-03-30T01:00:00,2025-03-30T01:00:00
374,PO-2024-00374,28,7,147681.9,89.49,616.32,148208.73,cancelled,Quality check pending,2024-02-25T02:00:00,2024-02-25T02:00:00
375,PO-2024-00375,23,5,90550.44,166.17,238.24,90622.51,cancelled,,2025-04-01T19:00:00,2025-04-01T19:00:00
376,PO-2024-00376,9,2,258458.68,406.43,923.7,258975.95,completed,,2025-04-21T18:00:00,2025-04-21T18:00:00
377,PO-2024-00377,44,11,40232.18,355.11,492.13,40369.2,completed,,2025-04-11T09:00:00,2025-04-11T09:00:00
378,PO-2024-00378,17,6,1217335.13,196.04,714.63,1217853.72,completed,Partial delivery,2024-05-27T19:00:00,2024-05-27T19:00:00
379,PO-2024-00379,32,1,153163.99,32.68,157.24,153288.55,completed,Rush order,2024-11-28T14:00:00,2024-11-28T14:00:00
380,PO-2024-00380,50,6,678787.98,302.22,171.02,678656.78,completed,Rush order,2024-06-23T09:00:00,2024-06-23T09:00:00
381,PO-2024-00381,36,11,513247.03,35.46,337.01,513548.58,completed,Rush order,2024-04-19T10:00:00,2024-04-19T10:00:00
382,PO-2024-00382,16,10,565510.3,121.85,201.07,565589.52,completed,Rush order,2025-08-27T13:00:00,2025-08-27T13:00:00
383,PO-2024-00383,14,10,450935.58,215.57,981.19,451701.2,cancelled,Partial delivery,2024-03-08T10:00:00,2024-03-08T10:00:00
384,PO-2024-00384,45,4,198284.31,86.54,686.12,198883.89,cancelled,Partial delivery,2024-12-16T17:00:00,2024-12-16T17:00:00
385,PO-2024-00385,38,10,56608.21,231.45,577.33,56954.09,completed,,2025-05-13T03:00:00,2025-05-13T03:00:00
386,PO-2024-00386,5,10,465824.71,54.37,823.36,466593.7,completed,,2024-11-11T12:00:00,2024-11-11T12:00:00
387,PO-2024-00387,43,1,1461895.54,45.27,826.18,1462676.45,cancelled,Partial delivery,2025-05-21T20:00:00,2025-05-21T20:00:00
388,PO-2024-00388,49,3,20568.4,330.44,480.33,20718.29,completed,Rush order,2025-10-13T00:00:00,2025-10-13T00:00:00
389,PO-2024-00389,29,4,247385.38,102.83,883.55,248166.1,completed,Bulk discount applied,2025-09-22T18:00:00,2025-09-22T18:00:00
390,PO-2024-00390,28,6,882273.0,495.14,603.59,882381.45,cancelled,Bulk discount applied,2025-11-26T09:00:00,2025-11-26T09:00:00
391,PO-2024-00391,19,1,42318.96,184.61,571.44,42705.79,completed,,2025-02-17T04:00:00,2025-02-17T04:00:00
392,PO-2024-00392,8,5,83845.73,432.84,273.48,83686.37,cancelled,Rush order,2025-07-27T11:00:00,2025-07-27T11:00:00
393,PO-2024-00393,46,7,739820.89,203.02,463.43,740081.3,completed,Quality check pending,2025-10-02T10:00:00,2025-10-02T10:00:00
394,PO-2024-00394,9,4,751966.1,277.71,851.16,752539.55,completed,Partial delivery,2024-06-26T15:00:00,2024-06-26T15:00:00
395,PO-2024-00395,19,11,402489.13,62.77,61.02,402487.38,completed,,2025-03-03T04:00:00,2025-03-03T04:00:00
396,PO-2024-00396,28,3,441984.42,42.33,660.13,442602.22,completed,Partial delivery,2025-05-13T21:00:00,2025-05-13T21:00:00
397,PO-2024-00397,39,7,240073.8,311.62,481.67,240243.85,completed,Bulk discount applied,2025-04-11T22:00:00,2025-04-11T22:00:00
398,PO-2024-00398,23,4,375274.59,92.9,624.34,375806.03,cancelled,Rush order,2025-04-05T12:00:00,2025-04-05T12:00:00
399,PO-2024-00399,33,5,861188.6,205.42,568.86,861552.04,completed,,2024-08-30T22:00:00,2024-08-30T22:00:00
400,PO-2024-00400,31,6,542210.95,56.58,507.46,542661.83,completed,,2024-02-08T18:00:00,2024-02-08T18:00:00
401,PO-2024-00401,30,9,347038.47,39.12,895.42,347894.77,completed,,2025-06-23T08:00:00,2025-06-23T08:00:00
402,PO-2024-00402,48,11,40723.33,480.21,124.18,40367.3,cancelled,Partial delivery,2025-04-28T20:00:00,2025-04-28T20:00:00
403,PO-2024-00403,40,1,207935.93,451.79,558.28,208042.42,completed,Rush order,2025-08-16T09:00:00,2025-08-16T09:00:00
404,PO-2024-00404,31,10,1351521.85,366.91,449.97,1351604.91,completed,,2025-04-09T16:00:00,2025-04-09T16:00:00
405,PO-2024-00405,45,10,138074.51,374.71,740.62,138440.42,cancelled,,2024-06-20T01:00:00,2024-06-20T01:00:00
406,PO-2024-00406,31,10,451257.0,84.54,99.04,451271.5,completed,Partial delivery,2024-03-03T20:00:00,2024-03-03T20:00:00
407,PO-2024-00407,19,8,361374.63,41.26,530.32,361863.69,completed,,2025-10-01T00:00:00,2025-10-01T00:00:00
408,PO-2024-00408,18,5,100563.21,428.93,63.49,100197.77,completed,Bulk discount applied,2024-05-15T19:00:00,2024-05-15T19:00:00
409,PO-2024-00409,48,3,263340.17,329.58,401.28,263411.87,completed,,2024-06-27T18:00:00,2024-06-27T18:00:00
410,PO-2024-00410,12,9,1009854.27,431.01,375.71,1009798.97,completed,,2024-08-29T15:00:00,2024-08-29T15:00:00
411,PO-2024-00411,32,7,132562.14,385.18,276.05,132453.01,completed,Quality check pending,2025-09-01T04:00:00,2025-09-01T04:00:00
412,PO-2024-00412,14,10,882042.29,367.18,377.82,882052.93,completed,Partial delivery,2025-10-14T05:00:00,2025-10-14T05:00:00
413,PO-2024-00413,11,8,609573.37,199.37,336.3,609710.3,cancelled,,2024-04-28T01:00:00,2024-04-28T01:00:00
414,PO-2024-00414,46,7,16148.4,237.29,187.89,16099.0,completed,,2025-01-23T21:00:00,2025-01-23T21:00:00
415,PO-2024-00415,25,11,514633.25,157.84,553.74,515029.15,completed,,2024-10-22T14:00:00,2024-10-22T14:00:00
416,PO-2024-00416,23,7,669485.1,305.24,669.46,669849.32,completed,,2025-06-28T20:00:00,2025-06-28T20:00:00
417,PO-2024-00417,7,5,734543.32,327.17,421.6,734637.75,completed,Quality check pending,2024-10-03T08:00:00,2024-10-03T08:00:00
418,PO-2024-00418,50,4,64571.36,259.98,693.83,65005.21,completed,,2025-11-19T18:00:00,2025-11-19T18:00:00
419,PO-2024-00419,44,1,170993.4,415.84,61.36,170638.92,completed,Bulk discount applied,2025-07-14T00:00:00,2025-07-14T00:00:00
420,PO-2024-00420,29,6,522166.45,109.71,319.13,522375.87,completed,,2024-04-16T21:00:00,2024-04-16T21:00:00
421,PO-2024-00421,6,1,511705.7,469.25,673.78,511910.23,completed,Bulk discount applied,2024-01-25T19:00:00,2024-01-25T19:00:00
422,PO-2024-00422,46,2,787086.6,43.19,624.45,787667.86,completed,Quality check pending,2025-10-15T03:00:00,2025-10-15T03:00:00
423,PO-2024-00423,12,2,1002860.65,347.83,290.67,1002803.49,completed,Quality check pending,2025-10-25T18:00:00,2025-10-25T18:00:00
424,PO-2024-00424,30,5,91881.11,384.68,707.61,92204.04,completed,,2024-03-18T20:00:00,2024-03-18T20:00:00
425,PO-2024-00425,18,1,619947.66,191.4,366.02,620122.28,completed,,2024-06-14T02:00:00,2024-06-14T02:00:00
426,PO-2024-00426,29,2,800461.51,245.86,932.16,801147.81,cancelled,Rush order,2024-09-28T05:00:00,2024-09-28T05:00:00
427,PO-2024-00427,32,2,1018807.63,71.94,780.27,1019515.96,completed,Bulk discount applied,2024-07-01T20:00:00,2024-07-01T20:00:00
428,PO-2024-00428,29,5,401062.87,51.64,119.27,401130.5,cancelled,Quality check pending,2025-10-20T03:00:00,2025-10-20T03:00:00
429,PO-2024-00429,2,8,115851.79,74.43,658.32,116435.68,completed,Quality check pending,2024-09-13T14:00:00,2024-09-13T14:00:00
430,PO-2024-00430,10,6,220754.28,452.31,595.91,220897.88,cancelled,Quality check pending,2025-02-03T08:00:00,2025-02-03T08:00:00
431,PO-2024-00431,28,7,420488.4,422.02,791.89,420858.27,completed,Bulk discount applied,2025-05-17T15:00:00,2025-05-17T15:00:00
432,PO-2024-00432,25,8,272266.44,60.6,558.54,272764.38,completed,,2024-08-19T00:00:00,2024-08-19T00:00:00
433,PO-2024-00433,26,1,192082.61,316.14,960.88,192727.35,completed,,2025-11-29T09:00:00,2025-11-29T09:00:00
434,PO-2024-00434,6,8,558208.12,380.23,325.46,558153.35,completed,,2025-07-01T10:00:00,2025-07-01T10:00:00
435,PO-2024-00435,25,11,619743.09,95.5,711.09,620358.68,completed,Quality check pending,2025-07-21T01:00:00,2025-07-21T01:00:00
436,PO-2024-00436,6,11,523148.88,218.99,229.99,523159.88,completed,,2025-01-02T15:00:00,2025-01-02T15:00:00
437,PO-2024-00437,38,4,422305.83,244.62,109.84,422171.05,cancelled,Quality check pending,2024-01-26T23:00:00,2024-01-26T23:00:00
438,PO-2024-00438,35,8,86808.62,483.29,65.6,86390.93,completed,,2024-11-11T15:00:00,2024-11-11T15:00:00
439,PO-2024-00439,3,7,778664.14,59.09,816.75,779421.8,cancelled,Rush order,2024-12-11T23:00:00,2024-12-11T23:00:00
440,PO-2024-00440,10,10,213606.71,116.49,118.43,213608.65,completed,Rush order,2025-11-25T17:00:00,2025-11-25T17:00:00
441,PO-2024-00441,31,10,51047.29,22.9,716.23,51740.62,completed,,2025-10-31T00:00:00,2025-10-31T00:00:00
442,PO-2024-00442,4,5,171086.26,410.37,142.43,170818.32,cancelled,,2024-06-25T20:00:00,2024-06-25T20:00:00
443,PO-2024-00443,7,2,1267721.96,248.57,809.22,1268282.61,completed,,2025-08-28T02:00:00,2025-08-28T02:00:00
444,PO-2024-00444,22,11,484902.48,201.0,164.76,484866.24,cancelled,Bulk discount applied,2024-07-26T13:00:00,2024-07-26T13:00:00
445,PO-2024-00445,14,1,328061.76,296.54,368.73,328133.95,completed,,2024-05-20T10:00:00,2024-05-20T10:00:00
446,PO-2024-00446,11,6,225436.92,276.7,466.73,225626.95,cancelled,,2024-05-24T13:00:00,2024-05-24T13:00:00
447,PO-2024-00447,41,10,1050651.33,188.07,199.87,1050663.13,completed,,2024-05-16T03:00:00,2024-05-16T03:00:00
448,PO-2024-00448,12,2,251729.28,353.37,614.04,251989.95,completed,Rush order,2024-01-07T00:00:00,2024-01-07T00:00:00
449,PO-2024-00449,9,4,595753.76,71.54,307.4,595989.62,completed,Rush order,2025-05-02T22:00:00,2025-05-02T22:00:00
450,PO-2024-00450,40,1,619212.54,298.14,731.34,619645.74,cancelled,,2024-09-01T05:00:00,2024-09-01T05:00:00
451,PO-2024-00451,23,7,816327.54,2.29,273.86,816599.11,completed,Bulk discount applied,2025-10-04T09:00:00,2025-10-04T09:00:00
452,PO-2024-00452,24,9,131548.79,253.77,491.01,131786.03,completed,,2024-04-07T19:00:00,2024-04-07T19:00:00
453,PO-2024-00453,8,3,577900.04,342.62,970.15,578527.57,completed,Rush order,2024-02-24T06:00:00,2024-02-24T06:00:00
454,PO-2024-00454,43,1,195144.06,27.01,395.98,195513.03,completed,Rush order,2024-06-29T05:00:00,2024-06-29T05:00:00
455,PO-2024-00455,40,8,877932.12,21.66,753.4,878663.86,cancelled,,2024-09-14T10:00:00,2024-09-14T10:00:00
456,PO-2024-00456,32,9,773302.76,58.03,900.33,774145.06,completed,Bulk discount applied,2024-06-10T00:00:00,2024-06-10T00:00:00
457,PO-2024-00457,27,4,115251.27,373.54,903.45,115781.18,completed,Partial delivery,2025-08-16T10:00:00,2025-08-16T10:00:00
458,PO-2024-00458,15,2,288019.36,118.56,441.97,288342.77,completed,Rush order,2024-04-22T10:00:00,2024-04-22T10:00:00
459,PO-2024-00459,31,10,479326.29,242.2,895.96,479980.05,completed,,2024-08-13T02:00:00,2024-08-13T02:00:00
460,PO-2024-00460,12,7,244351.84,186.74,484.85,244649.95,completed,Quality check pending,2025-09-16T14:00:00,2025-09-16T14:00:00
461,PO-2024-00461,13,6,489021.67,63.61,707.6,489665.66,completed,,2025-01-02T08:00:00,2025-01-02T08:00:00
462,PO-2024-00462,30,8,192045.3,209.11,772.32,192608.51,completed,,2024-05-19T03:00:00,2024-05-19T03:00:00
463,PO-2024-00463,41,10,367974.34,452.79,599.22,368120.77,cancelled,Partial delivery,2025-09-10T05:00:00,2025-09-10T05:00:00
464,PO-2024-00464,27,9,220056.02,244.61,995.88,220807.29,cancelled,Rush order,2024-08-23T02:00:00,2024-08-23T02:00:00
465,PO-2024-00465,1,7,934628.34,368.09,284.32,934544.57,completed,Rush order,2025-04-18T08:00:00,2025-04-18T08:00:00
466,PO-2024-00466,38,3,37964.75,456.88,903.34,38411.21,completed,,2025-08-16T07:00:00,2025-08-16T07:00:00
467,PO-2024-00467,47,9,361784.47,16.81,554.57,362322.23,completed,Partial delivery,2024-02-11T15:00:00,2024-02-11T15:00:00
468,PO-2024-00468,32,4,361112.43,41.55,765.42,361836.3,completed,,2024-04-10T14:00:00,2024-04-10T14:00:00
469,PO-2024-00469,19,4,567755.36,323.82,136.19,567567.73,completed,Quality check pending,2024-05-15T11:00:00,2024-05-15T11:00:00
470,PO-2024-00470,46,8,183873.17,428.96,759.92,184204.13,completed,Rush order,2024-11-08T05:00:00,2024-11-08T05:00:00
471,PO-2024-00471,46,7,200847.1,92.47,877.97,201632.6,completed,Quality check pending,2025-04-19T04:00:00,2025-04-19T04:00:00
472,PO-2024-00472,41,2,586206.65,192.44,706.21,586720.42,cancelled,,2025-10-10T00:00:00,2025-10-10T00:00:00
473,PO-2024-00473,49,5,180073.74,349.03,631.88,180356.59,cancelled,Partial delivery,2024-10-30T13:00:00,2024-10-30T13:00:00
474,PO-2024-00474,6,10,422890.2,440.42,748.97,423198.75,completed,Bulk discount applied,2024-07-31T21:00:00,2024-07-31T21:00:00
475,PO-2024-00475,4,2,278280.35,191.48,492.09,278580.96,completed,,2025-11-21T11:00:00,2025-11-21T11:00:00
476,PO-2024-00476,42,9,1260800.56,352.44,582.72,1261030.84,completed,,2025-01-10T05:00:00,2025-01-10T05:00:00
477,PO-2024-00477,35,2,392606.79,324.52,750.51,393032.78,cancelled,Partial delivery,2024-12-08T07:00:00,2024-12-08T07:00:00
478,PO-2024-00478,49,4,63745.91,160.23,903.04,64488.72,cancelled,Quality check pending,2024-08-02T23:00:00,2024-08-02T23:00:00
479,PO-2024-00479,4,2,863852.13,186.41,479.79,864145.51,cancelled,Bulk discount applied,2025-03-09T08:00:00,2025-03-09T08:00:00
480,PO-2024-00480,46,9,343648.14,339.15,556.21,343865.2,completed,Rush order,2024-05-05T15:00:00,2024-05-05T15:00:00
481,PO-2024-00481,44,2,562552.16,94.18,889.78,563347.76,completed,,2025-09-27T11:00:00,2025-09-27T11:00:00
482,PO-2024-00482,19,2,286834.8,54.68,312.15,287092.27,completed,Rush order,2025-02-04T05:00:00,2025-02-04T05:00:00
483,PO-2024-00483,34,11,104827.74,11.35,445.71,105262.1,cancelled,,2024-06-03T06:00:00,2024-06-03T06:00:00
484,PO-2024-00484,27,8,687018.5,368.85,70.41,686720.06,completed,,2025-04-30T11:00:00,2025-04-30T11:00:00
485,PO-2024-00485,34,11,485397.33,167.94,599.77,485829.16,completed,Rush order,2024-01-23T07:00:00,2024-01-23T07:00:00
486,PO-2024-00486,45,9,364737.21,420.95,472.99,364789.25,completed,Bulk discount applied,2025-08-30T21:00:00,2025-08-30T21:00:00
487,PO-2024-00487,11,5,584018.58,113.39,403.31,584308.5,completed,Partial delivery,2024-05-15T09:00:00,2024-05-15T09:00:00
488,PO-2024-00488,23,5,125198.17,227.96,208.04,125178.25,completed,Quality check pending,2024-02-18T04:00:00,2024-02-18T04:00:00
489,PO-2024-00489,12,3,785907.5,419.67,708.22,786196.05,completed,,2025-07-02T09:00:00,2025-07-02T09:00:00
490,PO-2024-00490,3,6,1010088.34,287.26,468.84,1010269.92,completed,,2024-08-31T03:00:00,2024-08-31T03:00:00
491,PO-2024-00491,46,1,619842.9,332.78,979.12,620489.24,completed,,2024-07-29T17:00:00,2024-07-29T17:00:00
492,PO-2024-00492,11,9,757205.41,150.78,924.41,757979.04,completed,Rush order,2025-04-04T17:00:00,2025-04-04T17:00:00
493,PO-2024-00493,21,3,680888.58,2.15,751.57,681638.0,cancelled,,2024-05-28T14:00:00,2024-05-28T14:00:00
494,PO-2024-00494,19,8,485251.3,447.99,971.13,485774.44,cancelled,Quality check pending,2025-10-24T22:00:00,2025-10-24T22:00:00
495,PO-2024-00495,47,8,398019.41,169.34,156.7,398006.77,completed,,2024-05-30T18:00:00,2024-05-30T18:00:00
496,PO-2024-00496,36,2,903186.3,154.04,431.55,903463.81,completed,Rush order,2024-05-22T21:00:00,2024-05-22T21:00:00
497,PO-2024-00497,21,1,325244.14,304.08,235.39,325175.45,cancelled,,2024-12-31T02:00:00,2024-12-31T02:00:00
498,PO-2024-00498,2,2,456476.36,269.21,473.19,456680.34,completed,Bulk discount applied,2024-10-11T06:00:00,2024-10-11T06:00:00
499,PO-2024-00499,32,6,876929.22,301.59,535.98,877163.61,completed,Quality check pending,2025-02-07T06:00:00,2025-02-07T06:00:00
500,PO-2024-00500,10,7,446727.73,184.81,404.19,446947.11,completed,,2025-01-04T12:00:00,2025-01-04T12:00:00
