id,purchase_id,material_id,material_name,unit,quantity,unit_price,total_price
1,1,40,Sequins,Rolls,238,931.15,221612.97
2,1,12,Polyester Thread,Kgs,120,446.89,53627.3
3,1,57,Magnetic Snap,Dozen,389,1025.01,398729.0
4,2,37,Tissue Paper,Dozen,93,674.74,62750.8
5,2,55,Rivet,Dozen,383,360.25,137977.24
6,2,18,Button - Plastic,Sets,437,133.41,58301.93
7,2,12,Polyester Thread,Kgs,83,393.19,32634.92
8,3,68,Patch - Embroidered,Dozen,181,1120.27,202769.47
9,3,76,Georgette Fabric,Dozen,397,909.72,361157.4
10,3,1,Cotton Fabric,Packs,219,1570.37,343911.39
11,3,35,Hanger - Wooden,Pieces,222,1130.35,250938.58
12,4,91,Drawstring - Polyester,Pieces,300,1019.97,305989.63
13,4,18,Button - Plastic,Sets,112,120.63,13510.74
14,4,49,PVC Fabric,Meters,158,397.17,62753.17
15,4,6,Denim Fabric,Pieces,431,534.44,230342.04
16,5,64,Chain - Plastic,Rolls,296,1196.86,354269.48
17,5,29,Drawstring Cord,Dozen,23,1468.75,33781.32
18,5,20,Button - Wooden,Kgs,144,295.48,42548.66
19,6,16,Zipper - Metal,Meters,344,420.12,144520.53
20,6,37,Tissue Paper,Dozen,223,578.82,129076.93
21,6,89,Elastic Cord,Meters,340,760.59,258599.82
22,6,16,Zipper - Metal,Meters,401,381.84,153117.05
23,7,77,Organza Fabric,Meters,391,822.68,321667.56
24,8,73,Mesh Fabric,Rolls,233,96.11,22394.59
25,8,81,Canvas Fabric,Sets,361,111.45,40233.14
26,8,89,Elastic Cord,Meters,428,735.83,314933.8
27,8,66,Fringe Trim,Sets,385,425.79,163930.46
28,9,21,Button - Shell,Kgs,307,652.1,200195.33
29,9,41,Beads,Pieces,246,1182.02,290776.49
30,9,18,Button - Plastic,Sets,192,119.91,23022.42
31,10,47,Terry Cloth,Kgs,224,1015.24,227413.27
32,10,46,Fleece Fabric,Pieces,34,71.04,2415.31
33,10,68,Patch - Embroidered,Dozen,337,1386.19,467144.37
34,11,99,Sewing Thread - Black,Packs,331,1236.09,409146.12
35,11,13,Silk Thread,Dozen,316,1110.27,350844.84
36,12,41,Beads,Pieces,433,1173.22,508005.59
37,12,39,Thread - Embroidery,Rolls,148,1113.38,164780.2
38,12,89,Elastic Cord,Meters,195,731.13,142570.01
39,13,19,Button - Metal,Kgs,16,912.72,14603.55
40,13,37,Tissue Paper,Dozen,200,670.63,134125.07
41,13,53,Eyelet,Rolls,184,766.88,141106.2
42,14,14,Nylon Thread,Packs,121,754.21,91258.88
43,14,29,Drawstring Cord,Dozen,435,1267.13,551201.86
44,15,54,Grommet,Pieces,245,965.41,236526.57
45,16,17,Zipper - Plastic,Pieces,482,1033.7,498244.53
46,17,40,Sequins,Rolls,363,824.65,299348.0
47,17,57,Magnetic Snap,Dozen,465,1023.89,476109.27
48,17,67,Pom Pom,Dozen,400,761.07,304428.83
49,18,91,Drawstring - Polyester,Pieces,165,849.83,140221.66
50,18,16,Zipper - Metal,Meters,123,367.21,45167.21
51,19,89,Elastic Cord,Meters,126,772.99,97396.36
52,19,27,Interfacing Fabric,Rolls,76,1138.37,86516.22
53,20,89,Elastic Cord,Meters,400,867.27,346908.27
54,20,10,Spandex Fabric,Rolls,19,785.34,14921.55
55,20,97,Tulle Fabric,Pieces,230,492.56,113288.65
56,20,14,Nylon Thread,Packs,26,882.47,22944.11
57,21,61,Stopper,Meters,70,106.13,7429.15
58,22,9,Nylon Fabric,Sets,164,675.46,110775.92
59,23,16,Zipper - Metal,Meters,481,413.8,199039.23
60,24,24,Lace Trim,Rolls,353,590.75,208536.26
61,24,12,Polyester Thread,Kgs,84,459.08,38562.69
62,25,75,Chiffon Fabric,Pieces,188,652.09,122593.63
63,25,65,Tassel,Kgs,409,1561.59,638690.64
64,25,31,Label - Printed,Rolls,268,684.11,183340.48
65,26,75,Chiffon Fabric,Pieces,400,596.29,238515.74
66,27,92,Ribbon - Satin,Sets,108,1156.08,124856.9
67,27,22,Hook & Eye,Dozen,471,422.43,198963.03
68,28,93,Ribbon - Grosgrain,Dozen,60,1506.25,90375.16
69,29,47,Terry Cloth,Kgs,367,1004.01,368470.2
70,29,57,Magnetic Snap,Dozen,354,1017.23,360100.24
71,29,24,Lace Trim,Rolls,437,591.25,258374.48
72,29,49,PVC Fabric,Meters,227,364.7,82787.31
73,30,53,Eyelet,Rolls,67,739.83,49568.33
74,30,41,Beads,Pieces,73,1073.16,78340.99
75,31,64,Chain - Plastic,Rolls,400,1092.44,436977.42
76,31,37,Tissue Paper,Dozen,295,661.95,195274.08
77,32,42,Stone Studs,Meters,262,1006.33,263658.24
78,33,59,Buckle - Plastic,Sets,317,1287.76,408218.99
79,33,88,Zipper - Closed End,Meters,440,195.87,86182.36
80,33,71,Hook & Loop Tape,Rolls,218,132.91,28974.87
81,34,25,Ribbon,Dozen,448,1143.73,512388.99
82,34,61,Stopper,Meters,490,100.73,49358.07
83,34,23,Elastic Band,Pieces,16,191.55,3064.77
84,34,63,Chain - Metal,Packs,354,752.4,266349.6
85,35,67,Pom Pom,Dozen,347,712.18,247126.23
86,35,16,Zipper - Metal,Meters,83,393.42,32653.78
87,35,89,Elastic Cord,Meters,312,905.56,282534.08
88,35,95,Lace - Polyester,Rolls,483,1648.28,796120.65
89,36,9,Nylon Fabric,Sets,196,724.15,141933.87
90,36,44,Net Fabric,Sets,112,827.8,92713.84
91,37,16,Zipper - Metal,Meters,129,437.08,56382.81
92,37,93,Ribbon - Grosgrain,Dozen,265,1291.28,342187.9
93,37,92,Ribbon - Satin,Sets,402,1059.24,425813.74
94,37,35,Hanger - Wooden,Pieces,397,1314.39,521812.71
95,38,46,Fleece Fabric,Pieces,253,77.92,19713.81
96,38,52,Button - Coconut,Packs,258,1179.81,304391.37
97,38,19,Button - Metal,Kgs,403,990.31,399096.59
98,38,16,Zipper - Metal,Meters,138,402.73,55576.54
99,39,81,Canvas Fabric,Sets,492,102.11,50239.86
100,39,13,Silk Thread,Dozen,387,931.77,360594.83
101,40,64,Chain - Plastic,Rolls,357,1000.19,357069.21
102,41,49,PVC Fabric,Meters,319,409.16,130520.8
103,41,20,Button - Wooden,Kgs,165,319.86,52776.27
104,42,98,Fusible Interfacing,Rolls,49,906.61,44423.83
105,43,60,Slider,Meters,113,797.32,90097.59
106,43,64,Chain - Plastic,Rolls,261,1132.03,295459.98
107,43,70,Badge,Dozen,185,822.07,152083.08
108,43,70,Badge,Dozen,289,674.45,194916.44
109,44,56,Snap Button,Kgs,460,937.11,431070.36
110,45,58,Buckle - Metal,Dozen,171,476.08,81409.52
111,45,57,Magnetic Snap,Dozen,245,811.51,198818.86
112,45,23,Elastic Band,Pieces,295,177.42,52337.46
113,45,100,Sewing Thread - White,Packs,165,245.49,40506.26
114,46,63,Chain - Metal,Packs,230,758.35,174421.23
115,46,92,Ribbon - Satin,Sets,209,1035.31,216380.09
116,47,73,Mesh Fabric,Rolls,355,87.99,31235.67
117,48,61,Stopper,Meters,297,104.86,31142.06
118,48,65,Tassel,Kgs,38,1439.95,54718.17
119,48,64,Chain - Plastic,Rolls,312,1260.57,393296.64
120,48,79,Corduroy Fabric,Dozen,356,408.88,145562.62
121,49,42,Stone Studs,Meters,41,982.61,40287.05
122,49,6,Denim Fabric,Pieces,75,535.73,40179.49
123,49,45,Jute Fabric,Kgs,424,591.08,250619.72
124,50,98,Fusible Interfacing,Rolls,466,898.96,418917.54
125,51,13,Silk Thread,Dozen,229,1006.33,230448.9
126,51,46,Fleece Fabric,Pieces,220,72.16,15875.21
127,51,85,Buttons Pack - 20mm,Pieces,135,1255.33,169469.84
128,51,83,Buttons Pack - 12mm,Dozen,169,772.48,130549.87
129,52,40,Sequins,Rolls,68,819.45,55722.79
130,53,69,Patch - Iron On,Pieces,176,441.01,77618.44
131,54,73,Mesh Fabric,Rolls,273,96.83,26433.31
132,54,35,Hanger - Wooden,Pieces,20,1286.38,25727.64
133,54,76,Georgette Fabric,Dozen,21,1049.29,22035.13
134,54,49,PVC Fabric,Meters,302,381.53,115222.85
135,55,63,Chain - Metal,Packs,61,871.34,53151.44
136,56,44,Net Fabric,Sets,264,809.61,213736.93
137,56,98,Fusible Interfacing,Rolls,351,838.2,294206.83
138,57,47,Terry Cloth,Kgs,233,911.11,212288.74
139,57,82,Denim Thread,Pieces,443,1408.5,623967.65
140,57,10,Spandex Fabric,Rolls,440,798.92,351526.57
141,58,37,Tissue Paper,Dozen,145,558.63,81001.14
142,58,74,Satin Fabric,Rolls,215,1256.62,270173.78
143,59,92,Ribbon - Satin,Sets,442,1058.29,467766.2
144,60,35,Hanger - Wooden,Pieces,44,1247.6,54894.19
145,60,68,Patch - Embroidered,Dozen,253,1230.58,311337.47
146,60,45,Jute Fabric,Kgs,417,500.5,208710.14
147,61,65,Tassel,Kgs,421,1406.95,592326.24
148,61,85,Buttons Pack - 20mm,Pieces,286,1276.78,365159.17
149,61,54,Grommet,Pieces,215,823.3,177010.39
150,62,86,Zipper - Invisible,Kgs,400,1332.13,532853.94
151,62,3,Linen Fabric,Kgs,331,1201.45,397679.01
152,62,24,Lace Trim,Rolls,305,612.83,186913.44
153,62,85,Buttons Pack - 20mm,Pieces,431,1416.7,610597.55
154,63,35,Hanger - Wooden,Pieces,489,1269.0,620543.28
155,63,79,Corduroy Fabric,Dozen,446,451.95,201570.86
156,63,56,Snap Button,Kgs,488,864.71,421977.85
157,63,81,Canvas Fabric,Sets,40,112.71,4508.53
158,64,60,Slider,Meters,85,786.43,66846.7
159,64,96,Netting,Kgs,360,1137.8,409607.65
160,64,56,Snap Button,Kgs,220,813.35,178936.09
161,65,82,Denim Thread,Pieces,114,1369.05,156071.31
162,66,37,Tissue Paper,Dozen,340,575.94,195820.58
163,66,88,Zipper - Closed End,Meters,317,185.8,58899.53
164,66,31,Label - Printed,Rolls,68,615.16,41831.05
165,67,32,Tag - Paper,Sets,418,411.75,172113.35
166,68,63,Chain - Metal,Packs,296,932.34,275973.35
167,68,55,Rivet,Dozen,341,360.99,123098.66
168,68,26,Velcro Tape,Packs,91,1170.78,106540.88
169,68,4,Silk Fabric,Sets,142,1051.66,149335.03
170,69,85,Buttons Pack - 20mm,Pieces,291,1231.96,358501.05
171,69,6,Denim Fabric,Pieces,379,493.33,186973.88
172,69,3,Linen Fabric,Kgs,38,1245.07,47312.71
173,70,41,Beads,Pieces,318,1028.84,327171.87
174,71,53,Eyelet,Rolls,469,672.32,315316.84
175,72,51,Button - Brass,Sets,492,939.52,462243.54
176,73,31,Label - Printed,Rolls,67,684.23,45843.23
177,73,65,Tassel,Kgs,487,1342.28,653689.21
178,74,64,Chain - Plastic,Rolls,462,1017.71,470180.19
179,74,77,Organza Fabric,Meters,72,908.11,65384.28
180,74,41,Beads,Pieces,178,1169.88,208238.88
181,75,96,Netting,Kgs,390,999.77,389910.35
182,75,55,Rivet,Dozen,121,299.99,36298.98
183,75,23,Elastic Band,Pieces,119,190.35,22651.5
184,75,57,Magnetic Snap,Dozen,219,860.23,188391.01
185,76,63,Chain - Metal,Packs,283,807.13,228418.75
186,77,41,Beads,Pieces,289,1062.05,306931.55
187,78,36,Polybag,Pieces,460,916.21,421458.65
188,78,19,Button - Metal,Kgs,195,995.34,194091.76
189,79,40,Sequins,Rolls,20,883.51,17670.19
190,79,78,Velvet Fabric,Meters,27,1080.75,29180.38
191,79,85,Buttons Pack - 20mm,Pieces,419,1481.51,620752.07
192,80,33,Tag - Plastic,Sets,292,697.06,203542.04
193,80,82,Denim Thread,Pieces,500,1324.29,662144.47
194,81,69,Patch - Iron On,Pieces,453,465.14,210709.38
195,82,50,Leather - Synthetic,Rolls,14,130.5,1827.03
196,82,51,Button - Brass,Sets,484,968.76,468880.09
197,82,33,Tag - Plastic,Sets,164,645.55,105870.85
198,82,97,Tulle Fabric,Pieces,130,527.03,68513.77
199,83,57,Magnetic Snap,Dozen,333,874.27,291130.77
200,83,99,Sewing Thread - Black,Packs,339,1308.96,443739.04
201,84,36,Polybag,Pieces,453,769.06,348382.8
202,85,61,Stopper,Meters,387,94.47,36558.0
203,85,43,Lace Fabric,Kgs,377,292.98,110453.11
204,85,13,Silk Thread,Dozen,432,959.19,414369.38
205,85,34,Hanger - Plastic,Meters,269,681.94,183440.55
206,86,78,Velvet Fabric,Meters,383,1073.93,411315.37
207,86,95,Lace - Polyester,Rolls,177,1487.15,263225.88
208,86,4,Silk Fabric,Sets,400,874.95,349980.63
209,86,83,Buttons Pack - 12mm,Dozen,104,779.42,81059.36
210,87,1,Cotton Fabric,Packs,215,1407.83,302684.07
211,87,40,Sequins,Rolls,170,869.03,147734.71
212,88,21,Button - Shell,Kgs,137,733.71,100518.45
213,89,77,Organza Fabric,Meters,361,832.76,300627.16
214,89,41,Beads,Pieces,241,1076.45,259425.41
215,90,34,Hanger - Plastic,Meters,98,797.46,78150.9
216,90,42,Stone Studs,Meters,419,1051.31,440497.7
217,91,54,Grommet,Pieces,198,808.47,160077.73
218,92,74,Satin Fabric,Rolls,124,1032.99,128090.33
219,92,3,Linen Fabric,Kgs,482,1161.02,559611.63
220,92,79,Corduroy Fabric,Dozen,330,396.05,130696.85
221,92,12,Polyester Thread,Kgs,246,392.21,96483.41
222,93,7,Viscose Fabric,Kgs,215,609.12,130961.22
223,93,77,Organza Fabric,Meters,143,778.55,111332.76
224,94,22,Hook & Eye,Dozen,494,404.31,199727.12
225,94,2,Polyester Fabric,Sets,377,1114.3,420089.57
226,94,99,Sewing Thread - Black,Packs,481,1479.52,711646.81
227,95,16,Zipper - Metal,Meters,124,424.81,52676.51
228,95,25,Ribbon,Dozen,494,1390.67,686993.02
229,95,35,Hanger - Wooden,Pieces,157,1301.5,204335.33
230,95,49,PVC Fabric,Meters,76,385.45,29294.47
231,96,77,Organza Fabric,Meters,120,954.22,114506.14
232,96,37,Tissue Paper,Dozen,382,655.06,250233.74
233,97,24,Lace Trim,Rolls,219,656.67,143811.45
234,97,4,Silk Fabric,Sets,158,1096.33,173219.49
235,97,31,Label - Printed,Rolls,326,664.54,216640.85
236,97,32,Tag - Paper,Sets,199,389.03,77417.15
237,98,11,Cotton Thread,Packs,15,1141.87,17128.06
238,98,42,Stone Studs,Meters,364,1082.66,394087.42
239,98,28,Bias Tape,Sets,375,630.38,236391.82
240,98,55,Rivet,Dozen,386,336.28,129803.82
241,99,13,Silk Thread,Dozen,295,933.27,275315.99
242,100,31,Label - Printed,Rolls,251,739.55,185627.56
243,100,78,Velvet Fabric,Meters,490,1039.22,509218.97
244,100,77,Organza Fabric,Meters,373,902.93,336794.44
245,101,1,Cotton Fabric,Packs,139,1520.63,211367.6
246,102,39,Thread - Embroidery,Rolls,212,1109.7,235255.39
247,102,17,Zipper - Plastic,Pieces,466,1188.64,553904.37
248,102,75,Chiffon Fabric,Pieces,101,636.93,64329.81
249,102,65,Tassel,Kgs,262,1634.38,428208.45
250,103,17,Zipper - Plastic,Pieces,55,1119.41,61567.69
251,103,68,Patch - Embroidered,Dozen,231,1143.4,264125.22
252,103,15,Zipper - Nylon,Meters,170,118.89,20211.43
253,103,17,Zipper - Plastic,Pieces,265,1277.83,338624.19
254,104,96,Netting,Kgs,194,1179.68,228858.79
255,104,37,Tissue Paper,Dozen,472,685.65,323628.69
256,104,79,Corduroy Fabric,Dozen,434,451.17,195808.25
257,105,67,Pom Pom,Dozen,170,672.09,114254.92
258,105,22,Hook & Eye,Dozen,171,420.76,71950.48
259,105,63,Chain - Metal,Packs,401,923.97,370510.94
260,106,7,Viscose Fabric,Kgs,106,541.34,57381.86
261,106,30,Label - Woven,Dozen,103,713.55,73495.35
262,106,34,Hanger - Plastic,Meters,93,800.9,74483.54
263,106,56,Snap Button,Kgs,69,953.77,65810.03
264,107,6,Denim Fabric,Pieces,236,477.72,112741.95
265,107,91,Drawstring - Polyester,Pieces,297,956.72,284146.76
266,107,64,Chain - Plastic,Rolls,67,1226.08,82147.66
267,107,19,Button - Metal,Kgs,73,964.66,70420.27
268,108,37,Tissue Paper,Dozen,102,679.22,69280.87
269,108,96,Netting,Kgs,270,1152.67,311219.8
270,109,75,Chiffon Fabric,Pieces,12,680.77,8169.26
271,109,74,Satin Fabric,Rolls,102,1145.87,116879.18
272,110,32,Tag - Paper,Sets,403,381.14,153601.35
273,111,43,Lace Fabric,Kgs,23,282.92,6507.19
274,112,51,Button - Brass,Sets,201,886.73,178232.33
275,113,42,Stone Studs,Meters,88,982.81,86487.11
276,114,91,Drawstring - Polyester,Pieces,347,955.47,331548.6
277,114,81,Canvas Fabric,Sets,499,105.8,52792.62
278,114,85,Buttons Pack - 20mm,Pieces,12,1282.02,15384.3
279,114,6,Denim Fabric,Pieces,345,509.82,175887.52
280,115,42,Stone Studs,Meters,495,1173.11,580690.63
281,115,94,Lace - Cotton,Meters,474,405.59,192247.79
282,115,73,Mesh Fabric,Rolls,76,81.98,6230.67
283,115,7,Viscose Fabric,Kgs,420,612.82,257386.35
284,116,8,Rayon Fabric,Rolls,390,458.54,178829.69
285,116,78,Velvet Fabric,Meters,205,898.52,184196.12
286,116,33,Tag - Plastic,Sets,101,671.76,67848.21
287,117,12,Polyester Thread,Kgs,20,459.75,9194.98
288,117,21,Button - Shell,Kgs,208,780.61,162367.23
289,117,37,Tissue Paper,Dozen,341,666.61,227312.38
290,117,84,Buttons Pack - 16mm,Pieces,88,466.94,41090.33
291,118,56,Snap Button,Kgs,386,914.57,353024.66
292,118,40,Sequins,Rolls,472,891.74,420902.9
293,118,17,Zipper - Plastic,Pieces,193,1218.92,235250.61
294,118,48,Wadding,Packs,272,408.57,111131.49
295,119,50,Leather - Synthetic,Rolls,253,111.94,28321.86
296,119,77,Organza Fabric,Meters,226,766.29,173182.25
297,119,55,Rivet,Dozen,425,317.94,135122.41
298,119,24,Lace Trim,Rolls,232,632.49,146737.12
299,120,6,Denim Fabric,Pieces,272,475.94,129454.63
300,121,87,Zipper - Open End,Dozen,124,1455.42,180472.39
301,121,92,Ribbon - Satin,Sets,89,1147.57,102133.98
302,121,68,Patch - Embroidered,Dozen,332,1297.85,430884.84
303,121,11,Cotton Thread,Packs,158,1141.68,180386.18
304,122,62,Cord End,Rolls,163,178.91,29162.59
305,123,88,Zipper - Closed End,Meters,472,188.92,89168.49
306,123,32,Tag - Paper,Sets,277,374.6,103763.98
307,124,71,Hook & Loop Tape,Rolls,49,154.32,7561.79
308,125,66,Fringe Trim,Sets,227,409.25,92899.23
309,126,85,Buttons Pack - 20mm,Pieces,378,1360.02,514086.85
310,126,33,Tag - Plastic,Sets,191,674.35,128800.84
311,126,11,Cotton Thread,Packs,403,1151.57,464082.78
312,126,15,Zipper - Nylon,Meters,389,139.03,54084.22
313,127,24,Lace Trim,Rolls,441,596.95,263253.68
314,127,11,Cotton Thread,Packs,223,1256.33,280162.53
315,128,41,Beads,Pieces,310,1141.31,353806.83
316,128,97,Tulle Fabric,Pieces,353,547.65,193321.93
317,128,34,Hanger - Plastic,Meters,184,849.4,156289.31
318,129,28,Bias Tape,Sets,104,582.07,60535.2
319,129,78,Velvet Fabric,Meters,142,1088.09,154508.7
320,130,56,Snap Button,Kgs,283,750.93,212511.9
321,131,15,Zipper - Nylon,Meters,16,123.05,1968.85
322,131,62,Cord End,Rolls,245,204.84,50185.11
323,131,85,Buttons Pack - 20mm,Pieces,391,1370.92,536029.06
324,131,63,Chain - Metal,Packs,165,856.64,141345.62
325,132,89,Elastic Cord,Meters,354,902.7,319557.04
326,132,87,Zipper - Open End,Dozen,212,1509.23,319956.36
327,132,12,Polyester Thread,Kgs,74,385.69,28540.9
328,133,15,Zipper - Nylon,Meters,427,117.97,50372.45
329,133,25,Ribbon,Dozen,449,1130.39,507544.06
330,134,84,Buttons Pack - 16mm,Pieces,84,533.34,44800.76
331,134,56,Snap Button,Kgs,441,877.15,386823.27
332,134,69,Patch - Iron On,Pieces,107,446.92,47820.48
333,134,99,Sewing Thread - Black,Packs,247,1224.63,302483.31
334,135,3,Linen Fabric,Kgs,69,1051.46,72550.67
335,135,20,Button - Wooden,Kgs,388,325.96,126474.36
336,135,63,Chain - Metal,Packs,251,735.03,184492.22
337,135,58,Buckle - Metal,Dozen,309,410.83,126947.94
338,136,73,Mesh Fabric,Rolls,434,95.37,41391.39
339,136,7,Viscose Fabric,Kgs,180,521.01,93782.36
340,136,81,Canvas Fabric,Sets,443,117.93,52243.32
341,137,64,Chain - Plastic,Rolls,387,1152.4,445979.44
342,137,94,Lace - Cotton,Meters,293,409.29,119922.07
343,137,5,Wool Fabric,Kgs,259,415.49,107611.08
344,137,66,Fringe Trim,Sets,312,441.02,137599.54
345,138,30,Label - Woven,Dozen,375,718.42,269408.42
346,138,3,Linen Fabric,Kgs,226,1166.01,263518.27
347,138,71,Hook & Loop Tape,Rolls,42,132.14,5549.69
348,138,83,Buttons Pack - 12mm,Dozen,223,827.14,184451.19
349,139,64,Chain - Plastic,Rolls,328,1251.77,410579.57
350,140,58,Buckle - Metal,Dozen,367,431.53,158372.81
351,140,21,Button - Shell,Kgs,157,771.11,121064.95
352,140,61,Stopper,Meters,186,95.06,17680.63
353,141,76,Georgette Fabric,Dozen,475,980.47,465721.51
354,141,78,Velvet Fabric,Meters,446,1081.0,482124.5
355,142,17,Zipper - Plastic,Pieces,462,1112.58,514010.24
356,142,92,Ribbon - Satin,Sets,209,1154.95,241385.09
357,142,87,Zipper - Open End,Dozen,344,1485.22,510916.97
358,142,61,Stopper,Meters,419,107.6,45084.39
359,143,80,Tweed Fabric,Packs,116,214.74,24909.69
360,143,96,Netting,Kgs,54,1112.13,60055.21
361,144,23,Elastic Band,Pieces,112,156.46,17523.51
362,144,63,Chain - Metal,Packs,61,892.17,54422.58
363,145,39,Thread - Embroidery,Rolls,130,989.71,128662.26
364,145,7,Viscose Fabric,Kgs,19,571.69,10862.08
365,145,34,Hanger - Plastic,Meters,192,795.5,152735.59
366,145,23,Elastic Band,Pieces,433,185.75,80428.77
367,146,9,Nylon Fabric,Sets,182,637.96,116108.09
368,147,16,Zipper - Metal,Meters,297,376.61,111852.13
369,147,34,Hanger - Plastic,Meters,184,815.58,150066.31
370,148,99,Sewing Thread - Black,Packs,459,1358.21,623420.01
371,149,89,Elastic Cord,Meters,457,814.13,372055.82
372,149,86,Zipper - Invisible,Kgs,63,1383.15,87138.62
373,150,59,Buckle - Plastic,Sets,440,1293.57,569172.95
374,150,14,Nylon Thread,Packs,410,845.81,346781.81
375,150,14,Nylon Thread,Packs,431,836.15,360379.42
376,150,65,Tassel,Kgs,63,1359.02,85618.16
377,151,27,Interfacing Fabric,Rolls,476,984.44,468592.22
378,152,91,Drawstring - Polyester,Pieces,236,1021.54,241083.3
379,152,64,Chain - Plastic,Rolls,385,1232.88,474660.21
380,152,20,Button - Wooden,Kgs,341,300.29,102399.81
381,153,16,Zipper - Metal,Meters,444,374.42,166242.33
382,153,54,Grommet,Pieces,403,933.99,376398.0
383,154,61,Stopper,Meters,184,91.49,16834.95
384,154,22,Hook & Eye,Dozen,53,375.08,19879.28
385,155,47,Terry Cloth,Kgs,332,1022.13,339346.31
386,155,20,Button - Wooden,Kgs,395,329.82,130279.57
387,155,54,Grommet,Pieces,413,818.37,337986.65
388,155,55,Rivet,Dozen,221,361.98,79998.41
389,156,67,Pom Pom,Dozen,416,713.13,296660.1
390,156,4,Silk Fabric,Sets,236,897.35,211774.21
391,156,2,Polyester Fabric,Sets,377,1190.03,448640.61
392,156,9,Nylon Fabric,Sets,53,623.34,33037.28
393,157,99,Sewing Thread - Black,Packs,94,1318.04,123895.98
394,157,51,Button - Brass,Sets,398,769.65,306322.49
395,157,83,Buttons Pack - 12mm,Dozen,87,829.6,72175.11
396,157,8,Rayon Fabric,Rolls,333,572.13,190518.63
397,158,54,Grommet,Pieces,215,958.95,206173.87
398,158,90,Drawstring - Cotton,Sets,293,1100.38,322411.51
399,158,93,Ribbon - Grosgrain,Dozen,390,1302.99,508164.76
400,159,2,Polyester Fabric,Sets,433,1047.84,453715.36
401,159,68,Patch - Embroidered,Dozen,322,1381.34,444790.41
402,159,90,Drawstring - Cotton,Sets,216,995.26,214976.45
403,160,70,Badge,Dozen,329,818.13,269164.6
404,160,84,Buttons Pack - 16mm,Pieces,236,539.33,127282.5
405,161,100,Sewing Thread - White,Packs,111,245.29,27227.03
406,161,11,Cotton Thread,Packs,28,1161.11,32511.04
407,161,50,Leather - Synthetic,Rolls,381,124.98,47616.47
408,161,17,Zipper - Plastic,Pieces,276,1312.19,362163.94
409,162,28,Bias Tape,Sets,57,650.66,37087.72
410,162,40,Sequins,Rolls,276,820.1,226347.86
411,162,82,Denim Thread,Pieces,91,1115.76,101534.18
412,163,31,Label - Printed,Rolls,436,717.56,312855.6
413,163,93,Ribbon - Grosgrain,Dozen,226,1527.13,345132.47
414,163,15,Zipper - Nylon,Meters,384,119.41,45851.8
415,164,34,Hanger - Plastic,Meters,331,763.98,252878.91
416,164,16,Zipper - Metal,Meters,34,429.04,14587.53
417,164,16,Zipper - Metal,Meters,239,383.88,91747.55
418,165,59,Buckle - Plastic,Sets,183,1361.04,249071.17
419,166,45,Jute Fabric,Kgs,163,528.8,86194.7
420,166,92,Ribbon - Satin,Sets,303,1082.16,327895.92
421,167,67,Pom Pom,Dozen,387,640.76,247972.57
422,167,42,Stone Studs,Meters,274,1132.71,310362.82
423,167,100,Sewing Thread - White,Packs,194,221.93,43054.98
424,167,19,Button - Metal,Kgs,374,983.25,367733.67
425,168,11,Cotton Thread,Packs,57,1027.74,58581.16
426,168,17,Zipper - Plastic,Pieces,253,1090.11,275798.54
427,168,10,Spandex Fabric,Rolls,199,767.78,152787.26
428,168,52,Button - Coconut,Packs,311,1193.46,371165.31
429,169,34,Hanger - Plastic,Meters,309,762.37,235572.83
430,169,55,Rivet,Dozen,235,343.64,80754.49
431,169,63,Chain - Metal,Packs,384,928.68,356614.28
432,169,21,Button - Shell,Kgs,83,731.83,60741.52
433,170,92,Ribbon - Satin,Sets,244,944.62,230486.3
434,170,91,Drawstring - Polyester,Pieces,272,1045.26,284312.01
435,170,16,Zipper - Metal,Meters,365,375.48,137049.68
436,170,61,Stopper,Meters,26,102.32,2660.23
437,171,16,Zipper - Metal,Meters,318,438.48,139435.17
438,171,15,Zipper - Nylon,Meters,71,129.51,9195.05
439,171,38,Carton Box,Dozen,30,761.46,22843.69
440,172,48,Wadding,Packs,166,493.64,81943.9
441,173,38,Carton Box,Dozen,258,670.07,172877.89
442,173,19,Button - Metal,Kgs,82,1070.71,87798.09
443,173,54,Grommet,Pieces,34,969.86,32975.2
444,174,37,Tissue Paper,Dozen,120,579.39,69526.53
445,174,95,Lace - Polyester,Rolls,260,1321.61,343619.71
446,174,71,Hook & Loop Tape,Rolls,188,125.29,23555.12
447,175,54,Grommet,Pieces,256,892.1,228376.5
448,176,44,Net Fabric,Sets,410,784.85,321789.18
449,176,93,Ribbon - Grosgrain,Dozen,436,1400.21,610490.22
450,176,98,Fusible Interfacing,Rolls,80,873.35,69868.01
451,176,59,Buckle - Plastic,Sets,399,1202.75,479896.46
452,177,20,Button - Wooden,Kgs,453,327.88,148529.18
453,177,12,Polyester Thread,Kgs,419,436.25,182788.66
454,177,80,Tweed Fabric,Packs,219,220.53,48296.94
455,177,51,Button - Brass,Sets,183,876.29,160360.37
456,178,95,Lace - Polyester,Rolls,152,1557.84,236791.28
457,178,22,Hook & Eye,Dozen,372,351.68,130824.4
458,178,81,Canvas Fabric,Sets,417,119.53,49844.15
459,178,40,Sequins,Rolls,297,883.46,262387.67
460,179,25,Ribbon,Dozen,499,1314.86,656117.43
461,180,73,Mesh Fabric,Rolls,277,81.51,22578.24
462,181,65,Tassel,Kgs,469,1305.49,612273.56
463,181,85,Buttons Pack - 20mm,Pieces,489,1348.07,659206.62
464,181,3,Linen Fabric,Kgs,150,1224.74,183710.8
465,181,32,Tag - Paper,Sets,434,400.44,173792.68
466,182,11,Cotton Thread,Packs,423,1160.02,490687.23
467,182,42,Stone Studs,Meters,215,1134.48,243912.75
468,182,63,Chain - Metal,Packs,451,920.68,415225.48
469,182,44,Net Fabric,Sets,233,746.02,173821.98
470,183,68,Patch - Embroidered,Dozen,172,1216.8,209290.12
471,184,15,Zipper - Nylon,Meters,60,135.13,8107.53
472,185,19,Button - Metal,Kgs,103,941.69,96994.1
473,185,12,Polyester Thread,Kgs,88,403.42,35500.57
474,185,53,Eyelet,Rolls,357,639.37,228254.33
475,186,24,Lace Trim,Rolls,23,644.84,14831.28
476,186,39,Thread - Embroidery,Rolls,209,960.95,200839.02
477,186,19,Button - Metal,Kgs,221,1097.38,242521.92
478,187,49,PVC Fabric,Meters,492,423.36,208292.38
479,187,16,Zipper - Metal,Meters,36,374.49,13481.48
480,187,97,Tulle Fabric,Pieces,315,566.06,178307.57
481,188,66,Fringe Trim,Sets,395,418.57,165334.71
482,188,15,Zipper - Nylon,Meters,147,119.43,17555.93
483,188,60,Slider,Meters,293,820.57,240426.75
484,188,62,Cord End,Rolls,24,191.27,4590.42
485,189,3,Linen Fabric,Kgs,147,1159.78,170487.11
486,189,76,Georgette Fabric,Dozen,355,846.96,300671.11
487,190,39,Thread - Embroidery,Rolls,300,1040.97,312291.79
488,190,11,Cotton Thread,Packs,443,1188.71,526600.06
489,191,19,Button - Metal,Kgs,201,1011.27,203265.54
490,191,22,Hook & Eye,Dozen,410,373.06,152953.6
491,192,72,Knit Fabric,Sets,241,704.98,169899.72
492,192,60,Slider,Meters,434,864.32,375115.35
493,192,84,Buttons Pack - 16mm,Pieces,95,451.87,42927.47
494,192,62,Cord End,Rolls,149,200.35,29852.71
495,193,45,Jute Fabric,Kgs,441,576.13,254073.48
496,193,75,Chiffon Fabric,Pieces,440,678.18,298400.8
497,193,6,Denim Fabric,Pieces,92,523.92,48200.99
498,193,73,Mesh Fabric,Rolls,45,83.9,3775.62
499,194,90,Drawstring - Cotton,Sets,72,1089.79,78465.01
500,194,93,Ribbon - Grosgrain,Dozen,294,1531.09,450139.15
501,194,56,Snap Button,Kgs,117,873.91,102247.41
502,194,41,Beads,Pieces,462,1130.23,522165.54
503,195,82,Denim Thread,Pieces,143,1410.21,201659.84
504,195,91,Drawstring - Polyester,Pieces,241,907.03,218594.38
505,195,85,Buttons Pack - 20mm,Pieces,174,1286.01,223765.04
506,196,77,Organza Fabric,Meters,178,750.85,133652.09
507,196,89,Elastic Cord,Meters,78,840.05,65524.11
508,196,1,Cotton Fabric,Packs,321,1510.25,484790.91
509,196,2,Polyester Fabric,Sets,354,1019.15,360778.1
510,197,98,Fusible Interfacing,Rolls,211,880.45,185774.85
511,197,84,Buttons Pack - 16mm,Pieces,343,461.53,158304.5
512,197,4,Silk Fabric,Sets,466,1061.82,494806.49
513,197,86,Zipper - Invisible,Kgs,237,1372.18,325206.97
514,198,49,PVC Fabric,Meters,433,401.71,173939.71
515,198,50,Leather - Synthetic,Rolls,100,128.46,12845.78
516,198,90,Drawstring - Cotton,Sets,14,916.2,12826.78
517,199,25,Ribbon,Dozen,237,1124.95,266612.75
518,199,96,Netting,Kgs,20,1135.95,22718.92
519,199,88,Zipper - Closed End,Meters,481,208.72,100392.39
520,200,12,Polyester Thread,Kgs,427,435.08,185779.2
521,200,39,Thread - Embroidery,Rolls,423,1121.79,474516.54
522,201,64,Chain - Plastic,Rolls,195,1002.96,195578.12
523,201,64,Chain - Plastic,Rolls,473,1186.98,561442.03
524,202,1,Cotton Fabric,Packs,110,1698.36,186819.05
525,202,82,Denim Thread,Pieces,212,1142.71,242254.89
526,203,73,Mesh Fabric,Rolls,266,88.06,23424.54
527,203,71,Hook & Loop Tape,Rolls,109,145.53,15862.41
528,203,73,Mesh Fabric,Rolls,354,92.11,32608.38
529,204,9,Nylon Fabric,Sets,311,590.1,183520.33
530,204,9,Nylon Fabric,Sets,75,610.89,45816.88
531,205,67,Pom Pom,Dozen,383,729.79,279508.61
532,205,25,Ribbon,Dozen,444,1333.34,592002.52
533,206,88,Zipper - Closed End,Meters,296,217.14,64273.16
534,206,1,Cotton Fabric,Packs,490,1491.95,731053.17
535,206,87,Zipper - Open End,Dozen,492,1456.25,716475.76
536,207,56,Snap Button,Kgs,442,953.75,421556.98
537,207,36,Polybag,Pieces,72,894.46,64401.12
538,207,60,Slider,Meters,263,811.23,213353.54
539,208,93,Ribbon - Grosgrain,Dozen,124,1214.18,150558.81
540,209,69,Patch - Iron On,Pieces,239,474.82,113483.12
541,209,51,Button - Brass,Sets,109,832.63,90756.99
542,209,74,Satin Fabric,Rolls,423,1034.31,437512.94
543,209,95,Lace - Polyester,Rolls,125,1679.71,209964.34
544,210,10,Spandex Fabric,Rolls,479,691.15,331060.45
545,210,22,Hook & Eye,Dozen,178,379.43,67537.9
546,210,81,Canvas Fabric,Sets,330,101.08,33355.65
547,210,62,Cord End,Rolls,231,210.39,48599.08
548,211,33,Tag - Plastic,Sets,136,648.63,88213.83
549,211,31,Label - Printed,Rolls,500,646.47,323234.43
550,211,7,Viscose Fabric,Kgs,430,568.05,244261.29
551,212,10,Spandex Fabric,Rolls,407,753.98,306868.91
552,212,57,Magnetic Snap,Dozen,401,824.83,330755.83
553,213,75,Chiffon Fabric,Pieces,73,608.09,44390.92
554,213,8,Rayon Fabric,Rolls,479,453.87,217402.87
555,213,41,Beads,Pieces,465,1173.93,545879.77
556,213,9,Nylon Fabric,Sets,410,589.99,241893.87
557,214,8,Rayon Fabric,Rolls,164,525.99,86263.17
558,214,56,Snap Button,Kgs,43,768.34,33038.71
559,214,8,Rayon Fabric,Rolls,296,456.22,135042.33
560,214,49,PVC Fabric,Meters,215,353.38,75976.01
561,215,30,Label - Woven,Dozen,452,824.18,372528.12
562,215,85,Buttons Pack - 20mm,Pieces,329,1178.01,387563.82
563,215,50,Leather - Synthetic,Rolls,247,127.19,31414.71
564,215,80,Tweed Fabric,Packs,327,204.72,66942.68
565,216,59,Buckle - Plastic,Sets,274,1166.59,319647.02
566,217,14,Nylon Thread,Packs,62,725.63,44988.9
567,217,92,Ribbon - Satin,Sets,44,1062.02,46728.71
568,218,74,Satin Fabric,Rolls,74,1208.91,89459.29
569,218,33,Tag - Plastic,Sets,191,703.41,134352.24
570,219,24,Lace Trim,Rolls,134,558.78,74876.8
571,219,6,Denim Fabric,Pieces,40,450.09,18003.58
572,219,75,Chiffon Fabric,Pieces,233,678.65,158124.33
573,219,84,Buttons Pack - 16mm,Pieces,396,496.7,196691.94
574,220,19,Button - Metal,Kgs,250,954.66,238666.1
575,220,44,Net Fabric,Sets,159,783.18,124525.48
576,221,67,Pom Pom,Dozen,310,709.04,219802.88
577,222,8,Rayon Fabric,Rolls,131,513.05,67209.5
578,222,72,Knit Fabric,Sets,449,707.46,317649.04
579,223,26,Velcro Tape,Packs,112,1281.98,143582.13
580,223,26,Velcro Tape,Packs,412,1109.01,456913.56
581,223,25,Ribbon,Dozen,351,1270.3,445875.86
582,224,77,Organza Fabric,Meters,364,816.32,297141.21
583,224,75,Chiffon Fabric,Pieces,299,752.88,225111.98
584,224,79,Corduroy Fabric,Dozen,163,415.7,67759.73
585,224,21,Button - Shell,Kgs,63,722.65,45526.88
586,225,64,Chain - Plastic,Rolls,122,1246.52,152075.94
587,226,89,Elastic Cord,Meters,127,804.46,102166.75
588,226,28,Bias Tape,Sets,132,645.77,85241.36
589,227,95,Lace - Polyester,Rolls,202,1396.18,282028.38
590,227,24,Lace Trim,Rolls,432,686.19,296432.68
591,227,47,Terry Cloth,Kgs,15,880.43,13206.42
592,228,72,Knit Fabric,Sets,68,724.45,49262.88
593,229,25,Ribbon,Dozen,333,1304.57,434423.08
594,229,98,Fusible Interfacing,Rolls,194,775.3,150407.31
595,229,4,Silk Fabric,Sets,111,909.86,100994.9
596,229,23,Elastic Band,Pieces,122,186.83,22792.94
597,230,44,Net Fabric,Sets,443,819.82,363179.75
598,230,23,Elastic Band,Pieces,110,150.84,16592.86
599,231,13,Silk Thread,Dozen,20,1130.37,22607.46
600,231,18,Button - Plastic,Sets,204,135.57,27656.44
601,231,15,Zipper - Nylon,Meters,183,147.99,27082.3
602,232,59,Buckle - Plastic,Sets,132,1178.9,155615.31
603,232,48,Wadding,Packs,348,405.51,141116.1
604,232,68,Patch - Embroidered,Dozen,419,1404.94,588670.12
605,233,92,Ribbon - Satin,Sets,43,941.86,40499.86
606,233,17,Zipper - Plastic,Pieces,416,1082.93,450497.98
607,233,69,Patch - Iron On,Pieces,203,520.67,105695.79
608,233,41,Beads,Pieces,316,1063.57,336087.14
609,234,6,Denim Fabric,Pieces,400,509.05,203621.5
610,234,25,Ribbon,Dozen,447,1288.92,576148.18
611,235,42,Stone Studs,Meters,136,989.41,134560.05
612,235,36,Polybag,Pieces,456,778.75,355108.17
613,236,27,Interfacing Fabric,Rolls,382,914.8,349454.44
614,236,61,Stopper,Meters,414,100.36,41550.22
615,236,9,Nylon Fabric,Sets,95,650.3,61778.61
616,236,97,Tulle Fabric,Pieces,461,574.04,264632.35
617,237,64,Chain - Plastic,Rolls,275,1120.85,308234.79
618,237,42,Stone Studs,Meters,374,1076.25,402515.84
619,237,89,Elastic Cord,Meters,257,853.74,219412.06
620,238,61,Stopper,Meters,147,98.43,14468.49
621,238,82,Denim Thread,Pieces,481,1352.0,650314.4
622,238,84,Buttons Pack - 16mm,Pieces,28,477.8,13378.5
623,238,26,Velcro Tape,Packs,241,1349.28,325177.13
624,239,28,Bias Tape,Sets,166,636.95,105733.67
625,239,49,PVC Fabric,Meters,302,359.25,108492.16
626,239,48,Wadding,Packs,140,446.28,62478.88
627,239,18,Button - Plastic,Sets,394,117.38,46248.64
628,240,67,Pom Pom,Dozen,190,637.85,121191.32
629,240,6,Denim Fabric,Pieces,248,496.52,123138.15
630,240,44,Net Fabric,Sets,228,799.42,182268.63
631,240,56,Snap Button,Kgs,219,823.49,180343.62
632,241,41,Beads,Pieces,149,1051.12,156616.42
633,241,23,Elastic Band,Pieces,236,159.69,37686.12
634,241,83,Buttons Pack - 12mm,Dozen,48,729.47,35014.69
635,241,11,Cotton Thread,Packs,160,1246.75,199480.0
636,242,36,Polybag,Pieces,484,799.91,387157.34
637,243,10,Spandex Fabric,Rolls,194,653.14,126709.99
638,244,43,Lace Fabric,Kgs,110,311.39,34252.69
639,244,33,Tag - Plastic,Sets,164,760.13,124661.25
640,245,25,Ribbon,Dozen,371,1310.29,486118.45
641,245,18,Button - Plastic,Sets,447,138.68,61988.98
642,245,95,Lace - Polyester,Rolls,288,1655.6,476814.08
643,246,99,Sewing Thread - Black,Packs,163,1268.31,206733.81
644,247,52,Button - Coconut,Packs,494,1149.49,567849.27
645,247,75,Chiffon Fabric,Pieces,397,702.1,278735.54
646,247,61,Stopper,Meters,344,96.81,33303.23
647,248,51,Button - Brass,Sets,126,809.83,102038.01
648,248,96,Netting,Kgs,117,1061.93,124245.93
649,249,93,Ribbon - Grosgrain,Dozen,426,1352.16,576021.13
650,249,11,Cotton Thread,Packs,170,1247.65,212100.08
651,249,55,Rivet,Dozen,404,363.9,147015.36
652,249,54,Grommet,Pieces,117,863.37,101014.17
653,250,48,Wadding,Packs,81,449.18,36383.27
654,251,40,Sequins,Rolls,492,902.74,444148.38
655,251,64,Chain - Plastic,Rolls,424,1174.52,497994.69
656,252,44,Net Fabric,Sets,125,793.11,99138.55
657,252,88,Zipper - Closed End,Meters,395,193.9,76591.75
658,252,100,Sewing Thread - White,Packs,363,226.49,82216.76
659,253,76,Georgette Fabric,Dozen,21,953.6,20025.69
660,253,5,Wool Fabric,Kgs,482,388.42,187219.07
661,253,43,Lace Fabric,Kgs,300,308.09,92427.28
662,254,49,PVC Fabric,Meters,114,434.92,49581.25
663,254,9,Nylon Fabric,Sets,283,630.96,178562.47
664,254,61,Stopper,Meters,65,92.48,6011.52
665,254,58,Buckle - Metal,Dozen,337,480.56,161947.21
666,255,22,Hook & Eye,Dozen,63,414.75,26129.21
667,256,5,Wool Fabric,Kgs,433,445.54,192920.5
668,256,63,Chain - Metal,Packs,23,768.95,17685.94
669,257,50,Leather - Synthetic,Rolls,155,110.13,17070.62
670,258,85,Buttons Pack - 20mm,Pieces,278,1197.38,332870.71
671,258,8,Rayon Fabric,Rolls,198,514.48,101866.38
672,258,22,Hook & Eye,Dozen,177,432.68,76584.5
673,259,51,Button - Brass,Sets,90,971.22,87409.41
674,259,17,Zipper - Plastic,Pieces,284,1148.3,326117.7
675,259,96,Netting,Kgs,45,1039.66,46784.75
676,259,27,Interfacing Fabric,Rolls,76,1110.87,84426.35
677,260,56,Snap Button,Kgs,428,894.5,382848.0
678,260,61,Stopper,Meters,91,98.96,9004.93
679,260,40,Sequins,Rolls,310,791.44,245345.37
680,261,36,Polybag,Pieces,113,753.87,85187.82
681,261,19,Button - Metal,Kgs,238,894.9,212985.53
682,261,52,Button - Coconut,Packs,319,1264.8,403469.63
683,261,68,Patch - Embroidered,Dozen,178,1378.24,245325.95
684,262,59,Buckle - Plastic,Sets,246,1240.23,305096.06
685,262,95,Lace - Polyester,Rolls,56,1426.48,79883.14
686,262,59,Buckle - Plastic,Sets,187,1277.11,238819.2
687,262,92,Ribbon - Satin,Sets,415,987.18,409681.69
688,263,54,Grommet,Pieces,137,807.98,110693.17
689,263,80,Tweed Fabric,Packs,385,223.01,85860.45
690,264,85,Buttons Pack - 20mm,Pieces,103,1402.45,144451.99
691,264,13,Silk Thread,Dozen,211,1096.5,231361.14
692,264,6,Denim Fabric,Pieces,132,541.6,71490.61
693,264,21,Button - Shell,Kgs,150,798.98,119847.29
694,265,86,Zipper - Invisible,Kgs,479,1177.7,564119.8
695,265,93,Ribbon - Grosgrain,Dozen,379,1498.93,568094.09
696,265,64,Chain - Plastic,Rolls,220,1266.5,278630.16
697,266,48,Wadding,Packs,49,468.3,22946.85
698,267,53,Eyelet,Rolls,240,638.63,153271.12
699,267,27,Interfacing Fabric,Rolls,269,905.66,243623.75
700,267,4,Silk Fabric,Sets,47,1015.53,47729.74
701,268,49,PVC Fabric,Meters,185,415.54,76874.66
702,268,25,Ribbon,Dozen,213,1133.8,241500.13
703,268,33,Tag - Plastic,Sets,68,753.81,51259.24
704,268,18,Button - Plastic,Sets,177,136.06,24083.03
705,269,63,Chain - Metal,Packs,246,744.9,183245.34
706,269,71,Hook & Loop Tape,Rolls,346,131.26,45416.77
707,269,57,Magnetic Snap,Dozen,81,908.55,73592.46
708,269,36,Polybag,Pieces,440,786.04,345858.03
709,270,78,Velvet Fabric,Meters,61,919.12,56066.59
710,271,69,Patch - Iron On,Pieces,389,483.87,188225.64
711,272,86,Zipper - Invisible,Kgs,400,1159.87,463946.67
712,273,20,Button - Wooden,Kgs,235,299.86,70468.2
713,273,28,Bias Tape,Sets,375,575.14,215678.18
714,273,87,Zipper - Open End,Dozen,282,1307.59,368740.48
715,274,82,Denim Thread,Pieces,425,1269.56,539561.61
716,275,50,Leather - Synthetic,Rolls,363,113.1,41054.26
717,276,77,Organza Fabric,Meters,12,757.66,9091.96
718,277,99,Sewing Thread - Black,Packs,113,1479.69,167204.99
719,277,48,Wadding,Packs,475,412.73,196046.49
720,277,12,Polyester Thread,Kgs,18,415.28,7475.02
721,277,2,Polyester Fabric,Sets,182,1193.88,217287.03
722,278,29,Drawstring Cord,Dozen,500,1499.21,749606.31
723,279,93,Ribbon - Grosgrain,Dozen,95,1213.2,115254.1
724,279,66,Fringe Trim,Sets,65,450.31,29269.85
725,280,72,Knit Fabric,Sets,330,733.58,242081.6
726,280,27,Interfacing Fabric,Rolls,488,1029.18,502240.84
727,280,55,Rivet,Dozen,71,307.05,21800.73
728,281,46,Fleece Fabric,Pieces,175,68.92,12060.26
729,282,84,Buttons Pack - 16mm,Pieces,171,453.3,77514.93
730,282,28,Bias Tape,Sets,244,604.52,147503.04
731,282,85,Buttons Pack - 20mm,Pieces,427,1265.4,540323.78
732,282,80,Tweed Fabric,Packs,198,201.55,39906.16
733,283,53,Eyelet,Rolls,164,740.87,121502.14
734,283,64,Chain - Plastic,Rolls,62,1189.32,73737.88
735,284,33,Tag - Plastic,Sets,58,734.7,42612.82
736,284,81,Canvas Fabric,Sets,366,109.06,39914.99
737,285,43,Lace Fabric,Kgs,99,308.49,30540.76
738,285,89,Elastic Cord,Meters,172,905.65,155771.3
739,286,9,Nylon Fabric,Sets,181,572.59,103639.23
740,286,75,Chiffon Fabric,Pieces,239,657.07,157040.06
741,286,82,Denim Thread,Pieces,389,1180.12,459066.2
742,286,76,Georgette Fabric,Dozen,370,1049.89,388459.44
743,287,3,Linen Fabric,Kgs,325,1216.97,395516.14
744,287,16,Zipper - Metal,Meters,168,377.82,63473.41
745,288,97,Tulle Fabric,Pieces,134,570.62,76462.8
746,288,8,Rayon Fabric,Rolls,80,496.49,39719.0
747,288,38,Carton Box,Dozen,113,692.91,78299.37
748,288,27,Interfacing Fabric,Rolls,338,903.99,305549.48
749,289,95,Lace - Polyester,Rolls,459,1441.45,661623.77
750,289,36,Polybag,Pieces,172,886.82,152532.58
751,289,98,Fusible Interfacing,Rolls,30,876.78,26303.33
752,289,54,Grommet,Pieces,341,943.33,321674.57
753,290,30,Label - Woven,Dozen,443,850.34,376699.37
754,291,32,Tag - Paper,Sets,115,384.98,44272.32
755,291,86,Zipper - Invisible,Kgs,137,1413.68,193674.2
756,291,90,Drawstring - Cotton,Sets,378,940.23,355405.31
757,292,67,Pom Pom,Dozen,174,630.08,109634.49
758,292,81,Canvas Fabric,Sets,13,100.2,1302.6
759,292,63,Chain - Metal,Packs,45,924.7,41611.53
760,292,7,Viscose Fabric,Kgs,334,663.13,221486.27
761,293,17,Zipper - Plastic,Pieces,56,1078.37,60388.47
762,293,71,Hook & Loop Tape,Rolls,435,150.15,65316.19
763,294,31,Label - Printed,Rolls,269,603.38,162310.43
764,294,93,Ribbon - Grosgrain,Dozen,249,1302.24,324258.6
765,295,32,Tag - Paper,Sets,227,351.23,79728.62
766,295,32,Tag - Paper,Sets,165,361.36,59623.95
767,296,82,Denim Thread,Pieces,113,1192.26,134725.62
768,296,62,Cord End,Rolls,50,217.21,10860.42
769,296,47,Terry Cloth,Kgs,213,953.28,203048.62
770,296,61,Stopper,Meters,235,94.69,22253.16
771,297,98,Fusible Interfacing,Rolls,89,940.34,83689.99
772,297,62,Cord End,Rolls,20,208.18,4163.68
773,297,55,Rivet,Dozen,447,295.1,131909.98
774,297,39,Thread - Embroidery,Rolls,314,1074.86,337507.5
775,298,33,Tag - Plastic,Sets,204,710.87,145018.47
776,298,59,Buckle - Plastic,Sets,155,1180.54,182983.56
777,299,10,Spandex Fabric,Rolls,180,670.8,120744.82
778,299,61,Stopper,Meters,110,88.39,9722.48
779,299,25,Ribbon,Dozen,12,1126.03,13512.36
780,299,65,Tassel,Kgs,383,1560.43,597645.93
781,300,52,Button - Coconut,Packs,483,1152.38,556599.42
782,300,51,Button - Brass,Sets,390,840.77,327899.18
783,300,63,Chain - Metal,Packs,167,861.22,143823.6
784,300,76,Georgette Fabric,Dozen,46,917.27,42194.45
785,301,16,Zipper - Metal,Meters,207,446.34,92391.44
786,302,25,Ribbon,Dozen,400,1258.01,503205.26
787,302,33,Tag - Plastic,Sets,404,789.5,318956.67
788,303,66,Fringe Trim,Sets,373,416.96,155525.21
789,303,89,Elastic Cord,Meters,198,849.95,168289.37
790,303,84,Buttons Pack - 16mm,Pieces,207,568.08,117592.17
791,304,32,Tag - Paper,Sets,254,338.03,85858.95
792,304,47,Terry Cloth,Kgs,333,1032.09,343685.43
793,305,90,Drawstring - Cotton,Sets,350,1044.25,365486.07
794,306,78,Velvet Fabric,Meters,243,1105.77,268701.48
795,306,19,Button - Metal,Kgs,140,939.7,131558.31
796,306,75,Chiffon Fabric,Pieces,497,703.31,349544.3
797,307,2,Polyester Fabric,Sets,69,1180.5,81454.59
798,307,83,Buttons Pack - 12mm,Dozen,374,832.25,311260.36
799,308,91,Drawstring - Polyester,Pieces,310,1071.23,332081.48
800,308,11,Cotton Thread,Packs,275,1265.65,348053.63
801,308,55,Rivet,Dozen,94,354.91,33361.68
802,308,33,Tag - Plastic,Sets,364,682.63,248479.06
803,309,76,Georgette Fabric,Dozen,167,991.67,165608.72
804,309,97,Tulle Fabric,Pieces,458,611.8,280204.97
805,309,12,Polyester Thread,Kgs,65,437.43,28432.82
806,309,100,Sewing Thread - White,Packs,418,215.92,90252.91
807,310,35,Hanger - Wooden,Pieces,393,1140.72,448304.66
808,310,96,Netting,Kgs,213,1120.46,238658.29
809,311,22,Hook & Eye,Dozen,427,396.98,169510.03
810,312,9,Nylon Fabric,Sets,406,680.01,276084.17
811,313,84,Buttons Pack - 16mm,Pieces,157,543.8,85376.1
812,313,22,Hook & Eye,Dozen,100,385.62,38562.07
813,313,91,Drawstring - Polyester,Pieces,78,889.47,69378.5
814,313,24,Lace Trim,Rolls,267,680.0,181559.53
815,314,73,Mesh Fabric,Rolls,426,82.01,34935.6
816,314,26,Velcro Tape,Packs,40,1315.04,52601.79
817,314,98,Fusible Interfacing,Rolls,108,821.14,88682.58
818,314,53,Eyelet,Rolls,235,717.0,168494.63
819,315,82,Denim Thread,Pieces,95,1133.12,107646.76
820,316,49,PVC Fabric,Meters,73,370.68,27059.39
821,317,4,Silk Fabric,Sets,309,918.72,283883.69
822,317,63,Chain - Metal,Packs,354,885.48,313460.86
823,317,2,Polyester Fabric,Sets,41,1044.14,42809.8
824,318,86,Zipper - Invisible,Kgs,308,1409.75,434202.23
825,319,13,Silk Thread,Dozen,118,1051.53,124079.96
826,320,49,PVC Fabric,Meters,318,393.94,125273.2
827,321,63,Chain - Metal,Packs,252,884.75,222956.28
828,321,78,Velvet Fabric,Meters,229,957.89,219356.95
829,321,88,Zipper - Closed End,Meters,465,190.98,88807.07
830,322,31,Label - Printed,Rolls,491,649.82,319060.05
831,322,52,Button - Coconut,Packs,203,1208.33,245291.75
832,322,46,Fleece Fabric,Pieces,457,71.78,32801.76
833,323,1,Cotton Fabric,Packs,243,1656.22,402462.4
834,324,93,Ribbon - Grosgrain,Dozen,437,1494.18,652956.68
835,324,18,Button - Plastic,Sets,23,133.88,3079.32
836,324,68,Patch - Embroidered,Dozen,153,1390.69,212775.69
837,324,97,Tulle Fabric,Pieces,427,520.42,222218.7
838,325,80,Tweed Fabric,Packs,361,235.56,85036.6
839,325,61,Stopper,Meters,273,94.47,25790.04
840,325,25,Ribbon,Dozen,11,1429.4,15723.38
841,325,42,Stone Studs,Meters,18,1146.63,20639.41
842,326,95,Lace - Polyester,Rolls,176,1569.58,276246.61
843,327,78,Velvet Fabric,Meters,258,973.37,251129.51
844,327,79,Corduroy Fabric,Dozen,416,380.81,158416.98
845,328,61,Stopper,Meters,347,104.92,36407.29
846,328,13,Silk Thread,Dozen,385,1016.46,391336.22
847,328,78,Velvet Fabric,Meters,109,1049.24,114366.68
848,328,67,Pom Pom,Dozen,458,694.76,318198.11
849,329,17,Zipper - Plastic,Pieces,264,1256.44,331698.97
850,330,87,Zipper - Open End,Dozen,290,1571.79,455818.48
851,330,60,Slider,Meters,96,920.77,88394.36
852,330,15,Zipper - Nylon,Meters,256,139.07,35601.59
853,331,32,Tag - Paper,Sets,118,350.67,41378.96
854,331,85,Buttons Pack - 20mm,Pieces,368,1203.72,442970.16
855,332,92,Ribbon - Satin,Sets,24,952.43,22858.32
856,332,42,Stone Studs,Meters,472,1078.85,509216.51
857,332,36,Polybag,Pieces,122,902.61,110118.47
858,332,86,Zipper - Invisible,Kgs,253,1461.87,369854.32
859,333,86,Zipper - Invisible,Kgs,79,1452.64,114758.17
860,334,12,Polyester Thread,Kgs,417,443.17,184801.75
861,334,29,Drawstring Cord,Dozen,487,1396.76,680221.27
862,334,77,Organza Fabric,Meters,43,881.29,37895.26
863,334,49,PVC Fabric,Meters,476,412.81,196498.65
864,335,84,Buttons Pack - 16mm,Pieces,338,550.33,186010.79
865,335,56,Snap Button,Kgs,423,795.64,336557.48
866,335,34,Hanger - Plastic,Meters,69,723.71,49936.12
867,335,15,Zipper - Nylon,Meters,55,128.55,7070.26
868,336,96,Netting,Kgs,492,968.54,476520.72
869,336,48,Wadding,Packs,75,478.83,35912.49
870,337,74,Satin Fabric,Rolls,387,1027.55,397661.8
871,337,8,Rayon Fabric,Rolls,312,516.61,161182.07
872,337,50,Leather - Synthetic,Rolls,226,113.42,25633.98
873,337,47,Terry Cloth,Kgs,418,1025.56,428682.48
874,338,67,Pom Pom,Dozen,349,699.71,244197.36
875,338,29,Drawstring Cord,Dozen,64,1336.33,85525.26
876,339,41,Beads,Pieces,84,1165.61,97911.17
877,339,38,Carton Box,Dozen,438,705.33,308935.64
878,339,88,Zipper - Closed End,Meters,243,181.51,44106.09
879,339,37,Tissue Paper,Dozen,84,665.76,55924.1
880,340,77,Organza Fabric,Meters,173,811.7,140424.25
881,341,36,Polybag,Pieces,444,899.97,399585.02
882,342,81,Canvas Fabric,Sets,434,104.33,45279.62
883,342,38,Carton Box,Dozen,370,843.41,312061.3
884,342,8,Rayon Fabric,Rolls,424,491.32,208319.08
885,342,92,Ribbon - Satin,Sets,117,1126.65,131818.24
886,343,90,Drawstring - Cotton,Sets,386,898.44,346797.84
887,343,100,Sewing Thread - White,Packs,101,243.96,24640.37
888,344,39,Thread - Embroidery,Rolls,427,1106.57,472507.32
889,344,21,Button - Shell,Kgs,21,739.34,15526.13
890,344,44,Net Fabric,Sets,226,844.17,190782.07
891,344,45,Jute Fabric,Kgs,397,543.34,215707.65
892,345,68,Patch - Embroidered,Dozen,382,1186.56,453265.88
893,346,90,Drawstring - Cotton,Sets,448,1020.31,457097.43
894,346,13,Silk Thread,Dozen,77,1000.79,77060.49
895,347,91,Drawstring - Polyester,Pieces,165,950.24,156790.21
896,348,74,Satin Fabric,Rolls,80,1153.14,92251.15
897,348,62,Cord End,Rolls,159,214.64,34127.92
898,349,28,Bias Tape,Sets,421,688.12,289698.8
899,349,95,Lace - Polyester,Rolls,343,1324.2,454200.51
900,350,87,Zipper - Open End,Dozen,412,1572.22,647755.12
901,351,49,PVC Fabric,Meters,496,438.17,217334.76
902,351,87,Zipper - Open End,Dozen,440,1291.16,568111.61
903,352,13,Silk Thread,Dozen,192,1166.78,224021.07
904,353,7,Viscose Fabric,Kgs,70,661.44,46300.64
905,353,84,Buttons Pack - 16mm,Pieces,183,526.27,96307.55
906,354,81,Canvas Fabric,Sets,379,109.48,41492.62
907,354,5,Wool Fabric,Kgs,70,398.99,27929.16
908,355,39,Thread - Embroidery,Rolls,362,1090.18,394645.95
909,355,23,Elastic Band,Pieces,344,180.99,62260.03
910,355,100,Sewing Thread - White,Packs,364,251.32,91480.59
911,355,86,Zipper - Invisible,Kgs,347,1185.05,411211.57
912,356,84,Buttons Pack - 16mm,Pieces,205,486.34,99699.62
913,356,84,Buttons Pack - 16mm,Pieces,237,497.9,118002.07
914,356,16,Zipper - Metal,Meters,69,362.68,25024.6
915,356,63,Chain - Metal,Packs,338,866.85,292996.3
916,357,3,Linen Fabric,Kgs,310,1165.05,361166.99
917,357,74,Satin Fabric,Rolls,255,1105.16,281816.82
918,358,76,Georgette Fabric,Dozen,102,911.59,92982.16
919,359,39,Thread - Embroidery,Rolls,302,967.84,292286.19
920,359,42,Stone Studs,Meters,42,1168.3,49068.51
921,359,69,Patch - Iron On,Pieces,104,485.63,50505.14
922,359,90,Drawstring - Cotton,Sets,20,982.37,19647.48
923,360,9,Nylon Fabric,Sets,275,702.3,193132.51
924,360,69,Patch - Iron On,Pieces,375,535.76,200910.28
925,360,84,Buttons Pack - 16mm,Pieces,73,546.37,39884.67
926,360,27,Interfacing Fabric,Rolls,347,1117.62,387814.29
927,361,77,Organza Fabric,Meters,365,784.92,286496.87
928,361,72,Knit Fabric,Sets,238,851.85,202740.61
929,362,6,Denim Fabric,Pieces,75,504.11,37808.23
930,363,12,Polyester Thread,Kgs,297,398.25,118279.98
931,363,97,Tulle Fabric,Pieces,27,498.25,13452.79
932,364,65,Tassel,Kgs,162,1429.91,231646.0
933,365,55,Rivet,Dozen,493,341.16,168193.72
934,365,32,Tag - Paper,Sets,163,339.11,55275.21
935,366,85,Buttons Pack - 20mm,Pieces,283,1319.71,373476.74
936,366,74,Satin Fabric,Rolls,261,1225.38,319824.63
937,366,67,Pom Pom,Dozen,476,763.72,363531.34
938,367,78,Velvet Fabric,Meters,285,1000.24,285068.46
939,367,89,Elastic Cord,Meters,60,843.25,50595.13
940,367,6,Denim Fabric,Pieces,131,439.11,57523.19
941,368,39,Thread - Embroidery,Rolls,448,1151.62,515925.25
942,368,18,Button - Plastic,Sets,318,132.3,42069.92
943,369,36,Polybag,Pieces,75,904.69,67851.41
944,369,55,Rivet,Dozen,48,332.49,15959.32
945,369,34,Hanger - Plastic,Meters,205,790.45,162041.51
946,370,52,Button - Coconut,Packs,243,1056.95,256838.02
947,370,33,Tag - Plastic,Sets,356,704.17,250685.75
948,371,69,Patch - Iron On,Pieces,114,445.04,50734.2
949,371,94,Lace - Cotton,Meters,147,408.96,60117.71
950,372,92,Ribbon - Satin,Sets,200,1054.61,210921.78
951,372,83,Buttons Pack - 12mm,Dozen,430,757.54,325742.54
952,373,54,Grommet,Pieces,430,802.4,345033.13
953,373,56,Snap Button,Kgs,204,752.58,153527.3
954,374,10,Spandex Fabric,Rolls,148,668.64,98959.31
955,374,15,Zipper - Nylon,Meters,360,135.34,48722.59
956,375,43,Lace Fabric,Kgs,337,268.7,90550.44
957,376,100,Sewing Thread - White,Packs,149,205.07,30556.04
958,376,29,Drawstring Cord,Dozen,150,1207.41,181111.36
959,376,49,PVC Fabric,Meters,123,380.42,46791.28
960,377,16,Zipper - Metal,Meters,99,406.39,40232.18
961,378,76,Georgette Fabric,Dozen,430,1008.34,433586.85
962,378,13,Silk Thread,Dozen,280,1007.29,282039.93
963,378,74,Satin Fabric,Rolls,453,1107.52,501708.35
964,379,78,Velvet Fabric,Meters,60,1094.16,65649.7
965,379,22,Hook & Eye,Dozen,172,441.1,75869.62
966,379,50,Leather - Synthetic,Rolls,102,114.16,11644.67
967,380,62,Cord End,Rolls,313,177.91,55685.11
968,380,2,Polyester Fabric,Sets,361,1110.98,401064.31
969,380,20,Button - Wooden,Kgs,346,282.31,97679.14
970,380,49,PVC Fabric,Meters,300,414.53,124359.42
971,381,93,Ribbon - Grosgrain,Dozen,337,1522.99,513247.03
972,382,87,Zipper - Open End,Dozen,321,1376.83,441962.79
973,382,59,Buckle - Plastic,Sets,103,1199.49,123547.51
974,383,60,Slider,Meters,267,795.94,212516.76
975,383,55,Rivet,Dozen,276,363.88,100430.65
976,383,30,Label - Woven,Dozen,166,831.25,137988.17
977,384,40,Sequins,Rolls,218,909.56,198284.31
978,385,82,Denim Thread,Pieces,50,1132.16,56608.21
979,386,12,Polyester Thread,Kgs,94,431.14,40527.46
980,386,11,Cotton Thread,Packs,390,1090.51,425297.25
981,387,2,Polyester Fabric,Sets,495,1086.79,537959.78
982,387,66,Fringe Trim,Sets,487,441.65,215085.85
983,387,62,Cord End,Rolls,264,196.4,51849.39
984,387,87,Zipper - Open End,Dozen,464,1415.95,657000.52
985,388,52,Button - Coconut,Packs,17,1209.91,20568.4
986,389,92,Ribbon - Satin,Sets,227,1089.8,247385.38
987,390,32,Tag - Paper,Sets,388,396.31,153768.47
988,390,68,Patch - Embroidered,Dozen,360,1286.22,463040.76
989,390,78,Velvet Fabric,Meters,239,1110.73,265463.77
990,391,23,Elastic Band,Pieces,48,165.24,7931.4
991,391,18,Button - Plastic,Sets,273,125.96,34387.56
992,392,55,Rivet,Dozen,263,318.81,83845.73
993,393,15,Zipper - Nylon,Meters,183,147.27,26950.54
994,393,32,Tag - Paper,Sets,435,384.96,167457.09
995,393,99,Sewing Thread - Black,Packs,449,1214.73,545413.26
996,394,62,Cord End,Rolls,160,184.45,29512.78
997,394,1,Cotton Fabric,Packs,387,1567.55,606639.95
998,394,51,Button - Brass,Sets,121,957.14,115813.37
999,395,60,Slider,Meters,466,863.71,402489.13
1000,396,8,Rayon Fabric,Rolls,192,450.44,86484.27
1001,396,59,Buckle - Plastic,Sets,178,1157.73,206076.33
1002,396,14,Nylon Thread,Packs,12,793.41,9520.92
1003,396,93,Ribbon - Grosgrain,Dozen,105,1332.41,139902.9
1004,397,13,Silk Thread,Dozen,230,1043.8,240073.8
1005,398,68,Patch - Embroidered,Dozen,273,1374.63,375274.59
1006,399,16,Zipper - Metal,Meters,477,402.54,192010.9
1007,399,20,Button - Wooden,Kgs,403,322.48,129960.47
1008,399,29,Drawstring Cord,Dozen,250,1336.35,334086.91
1009,399,39,Thread - Embroidery,Rolls,196,1046.58,205130.32
1010,400,69,Patch - Iron On,Pieces,425,469.16,199391.0
1011,400,57,Magnetic Snap,Dozen,346,990.81,342819.95
1012,401,18,Button - Plastic,Sets,191,138.51,26455.26
1013,401,1,Cotton Fabric,Packs,193,1661.05,320583.21
1014,402,15,Zipper - Nylon,Meters,107,126.74,13561.7
1015,402,18,Button - Plastic,Sets,212,128.12,27161.63
1016,403,5,Wool Fabric,Kgs,92,443.17,40771.95
1017,403,62,Cord End,Rolls,350,218.73,76556.11
1018,403,16,Zipper - Metal,Meters,225,402.7,90607.87
1019,404,88,Zipper - Closed End,Meters,375,180.54,67701.85
1020,404,97,Tulle Fabric,Pieces,401,592.33,237524.79
1021,404,52,Button - Coconut,Packs,266,1241.39,330209.05
1022,404,95,Lace - Polyester,Rolls,441,1623.78,716086.16
1023,405,15,Zipper - Nylon,Meters,500,120.97,60484.79
1024,405,3,Linen Fabric,Kgs,74,1048.51,77589.72
1025,406,99,Sewing Thread - Black,Packs,360,1253.49,451257.0
1026,407,55,Rivet,Dozen,315,347.52,109467.23
1027,407,56,Snap Button,Kgs,255,807.29,205858.43
1028,407,63,Chain - Metal,Packs,52,885.56,46048.97
1029,408,80,Tweed Fabric,Packs,88,239.45,21071.66
1030,408,24,Lace Trim,Rolls,137,580.23,79491.55
1031,409,34,Hanger - Plastic,Meters,368,715.6,263340.17
1032,410,26,Velcro Tape,Packs,252,1301.91,328080.75
1033,410,14,Nylon Thread,Packs,368,869.89,320120.01
1034,410,79,Corduroy Fabric,Dozen,102,391.91,39974.76
1035,410,76,Georgette Fabric,Dozen,332,968.91,321678.75
1036,411,16,Zipper - Metal,Meters,77,394.06,30342.34
1037,411,36,Polybag,Pieces,108,946.48,102219.8
1038,412,3,Linen Fabric,Kgs,325,1060.82,344767.3
1039,412,7,Viscose Fabric,Kgs,204,578.69,118053.53
1040,412,40,Sequins,Rolls,368,880.99,324205.84
1041,412,30,Label - Woven,Dozen,123,772.48,95015.62
1042,413,8,Rayon Fabric,Rolls,271,503.05,136327.06
1043,413,7,Viscose Fabric,Kgs,165,535.77,88401.89
1044,413,47,Terry Cloth,Kgs,153,1088.75,166579.11
1045,413,92,Ribbon - Satin,Sets,224,974.4,218265.31
1046,414,24,Lace Trim,Rolls,30,538.28,16148.4
1047,415,28,Bias Tape,Sets,156,644.39,100525.31
1048,415,78,Velvet Fabric,Meters,61,980.85,59831.9
1049,415,33,Tag - Plastic,Sets,495,715.71,354276.04
1050,416,39,Thread - Embroidery,Rolls,67,960.47,64351.48
1051,416,2,Polyester Fabric,Sets,359,1121.3,402546.41
1052,416,17,Zipper - Plastic,Pieces,179,1131.77,202587.21
1053,417,96,Netting,Kgs,408,1091.77,445440.68
1054,417,78,Velvet Fabric,Meters,200,933.97,186794.3
1055,417,36,Polybag,Pieces,117,874.43,102308.34
1056,418,14,Nylon Thread,Packs,76,849.62,64571.36
1057,419,6,Denim Fabric,Pieces,310,551.59,170993.4
1058,420,25,Ribbon,Dozen,370,1260.97,466557.16
1059,420,13,Silk Thread,Dozen,48,1158.53,55609.29
1060,421,39,Thread - Embroidery,Rolls,381,1058.5,403287.41
1061,421,98,Fusible Interfacing,Rolls,113,879.48,99380.83
1062,421,20,Button - Wooden,Kgs,32,282.42,9037.46
1063,422,71,Hook & Loop Tape,Rolls,374,131.61,49222.85
1064,422,98,Fusible Interfacing,Rolls,446,945.97,421903.48
1065,422,72,Knit Fabric,Sets,187,870.13,162713.42
1066,422,58,Buckle - Metal,Dozen,332,461.59,153246.85
1067,423,9,Nylon Fabric,Sets,257,636.12,163482.31
1068,423,65,Tassel,Kgs,414,1306.65,540951.32
1069,423,77,Organza Fabric,Meters,150,892.23,133834.88
1070,423,17,Zipper - Plastic,Pieces,158,1041.72,164592.14
1071,424,89,Elastic Cord,Meters,107,858.7,91881.11
1072,425,64,Chain - Plastic,Rolls,360,1139.66,410278.63
1073,425,66,Fringe Trim,Sets,48,384.01,18432.36
1074,425,97,Tulle Fabric,Pieces,270,538.76,145464.32
1075,425,100,Sewing Thread - White,Packs,209,219.01,45772.35
1076,426,27,Interfacing Fabric,Rolls,104,895.47,93128.64
1077,426,74,Satin Fabric,Rolls,121,1196.0,144715.91
1078,426,2,Polyester Fabric,Sets,460,1223.08,562616.96
1079,427,65,Tassel,Kgs,372,1558.71,579841.51
1080,427,34,Hanger - Plastic,Meters,165,828.15,136644.62
1081,427,38,Carton Box,Dozen,372,714.5,265792.26
1082,427,16,Zipper - Metal,Meters,97,376.59,36529.24
1083,428,38,Carton Box,Dozen,30,783.04,23491.07
1084,428,36,Polybag,Pieces,484,780.11,377571.8
1085,429,83,Buttons Pack - 12mm,Dozen,137,845.63,115851.79
1086,430,69,Patch - Iron On,Pieces,69,436.65,30128.97
1087,430,45,Jute Fabric,Kgs,333,572.45,190625.31
1088,431,42,Stone Studs,Meters,52,1231.31,64028.07
1089,431,71,Hook & Loop Tape,Rolls,145,147.65,21409.69
1090,431,53,Eyelet,Rolls,469,714.39,335050.64
1091,432,8,Rayon Fabric,Rolls,330,551.63,182036.57
1092,432,46,Fleece Fabric,Pieces,122,79.09,9648.41
1093,432,36,Polybag,Pieces,100,805.81,80581.46
1094,433,69,Patch - Iron On,Pieces,346,555.15,192082.61
1095,434,93,Ribbon - Grosgrain,Dozen,391,1427.64,558208.12
1096,435,81,Canvas Fabric,Sets,334,114.96,38395.71
1097,435,27,Interfacing Fabric,Rolls,428,1004.45,429905.73
1098,435,42,Stone Studs,Meters,147,1030.22,151441.65
1099,436,20,Button - Wooden,Kgs,238,290.29,69089.34
1100,436,93,Ribbon - Grosgrain,Dozen,232,1321.28,306536.8
1101,436,62,Cord End,Rolls,57,195.49,11142.93
1102,436,59,Buckle - Plastic,Sets,104,1311.34,136379.81
1103,437,25,Ribbon,Dozen,301,1274.91,383748.61
1104,437,94,Lace - Cotton,Meters,102,378.01,38557.22
1105,438,40,Sequins,Rolls,93,933.43,86808.62
1106,439,88,Zipper - Closed End,Meters,321,183.46,58892.08
1107,439,19,Button - Metal,Kgs,46,983.42,45237.17
1108,439,59,Buckle - Plastic,Sets,475,1260.72,598839.8
1109,439,52,Button - Coconut,Packs,61,1240.9,75695.09
1110,440,94,Lace - Cotton,Meters,394,392.29,154561.99
1111,440,78,Velvet Fabric,Meters,61,967.95,59044.72
1112,441,15,Zipper - Nylon,Meters,433,117.89,51047.29
1113,442,17,Zipper - Plastic,Pieces,137,1248.8,171086.26
1114,443,19,Button - Metal,Kgs,490,1032.51,505928.4
1115,443,2,Polyester Fabric,Sets,415,1233.27,511807.59
1116,443,14,Nylon Thread,Packs,287,871.03,249985.97
1117,444,91,Drawstring - Polyester,Pieces,53,890.48,47195.19
1118,444,62,Cord End,Rolls,398,198.68,79075.63
1119,444,57,Magnetic Snap,Dozen,427,839.89,358631.66
1120,445,62,Cord End,Rolls,89,183.46,16327.53
1121,445,70,Badge,Dozen,364,721.02,262451.14
1122,445,70,Badge,Dozen,73,675.11,49283.09
1123,446,14,Nylon Thread,Packs,288,782.77,225436.92
1124,447,19,Button - Metal,Kgs,10,1102.06,11020.63
1125,447,4,Silk Fabric,Sets,126,964.8,121564.92
1126,447,19,Button - Metal,Kgs,190,1039.34,197474.77
1127,447,29,Drawstring Cord,Dozen,481,1498.11,720591.01
1128,448,88,Zipper - Closed End,Meters,462,208.99,96553.3
1129,448,15,Zipper - Nylon,Meters,261,122.98,32098.27
1130,448,15,Zipper - Nylon,Meters,124,120.77,14975.37
1131,448,37,Tissue Paper,Dozen,192,563.03,108102.34
1132,449,16,Zipper - Metal,Meters,194,445.47,86420.76
1133,449,11,Cotton Thread,Packs,468,1022.45,478506.9
1134,449,20,Button - Wooden,Kgs,101,305.21,30826.1
1135,450,77,Organza Fabric,Meters,102,888.65,90641.86
1136,450,20,Button - Wooden,Kgs,467,323.29,150975.79
1137,450,39,Thread - Embroidery,Rolls,329,1147.7,377594.89
1138,451,14,Nylon Thread,Packs,148,907.21,134267.06
1139,451,85,Buttons Pack - 20mm,Pieces,198,1478.91,292824.05
1140,451,92,Ribbon - Satin,Sets,418,931.19,389236.43
1141,452,20,Button - Wooden,Kgs,408,322.42,131548.79
1142,453,19,Button - Metal,Kgs,209,988.37,206570.37
1143,453,62,Cord End,Rolls,427,175.03,74738.54
1144,453,74,Satin Fabric,Rolls,228,1300.84,296591.13
1145,454,19,Button - Metal,Kgs,56,958.18,53657.88
1146,454,17,Zipper - Plastic,Pieces,103,1248.07,128550.89
1147,454,46,Fleece Fabric,Pieces,173,74.77,12935.29
1148,455,89,Elastic Cord,Meters,221,831.21,183697.37
1149,455,82,Denim Thread,Pieces,180,1151.11,207199.89
1150,455,84,Buttons Pack - 16mm,Pieces,481,482.66,232160.17
1151,455,54,Grommet,Pieces,291,875.86,254874.69
1152,456,69,Patch - Iron On,Pieces,284,536.07,152244.78
1153,456,50,Leather - Synthetic,Rolls,52,120.99,6291.31
1154,456,54,Grommet,Pieces,279,893.13,249182.02
1155,456,89,Elastic Cord,Meters,425,860.2,365584.65
1156,457,31,Label - Printed,Rolls,195,591.03,115251.27
1157,458,47,Terry Cloth,Kgs,295,976.34,288019.36
1158,459,15,Zipper - Nylon,Meters,40,147.18,5887.33
1159,459,47,Terry Cloth,Kgs,444,1066.3,473438.96
1160,460,38,Carton Box,Dozen,245,691.52,169423.38
1161,460,71,Hook & Loop Tape,Rolls,486,154.17,74928.46
1162,461,27,Interfacing Fabric,Rolls,433,950.38,411515.07
1163,461,96,Netting,Kgs,80,968.83,77506.6
1164,462,49,PVC Fabric,Meters,385,346.73,133492.27
1165,462,55,Rivet,Dozen,200,292.77,58553.03
1166,463,85,Buttons Pack - 20mm,Pieces,307,1198.61,367974.34
1167,464,4,Silk Fabric,Sets,85,949.97,80747.74
1168,464,11,Cotton Thread,Packs,135,1031.91,139308.28
1169,465,20,Button - Wooden,Kgs,401,286.56,114909.15
1170,465,96,Netting,Kgs,81,1133.26,91793.9
1171,465,90,Drawstring - Cotton,Sets,495,959.18,474794.8
1172,465,53,Eyelet,Rolls,379,667.89,253130.49
1173,466,37,Tissue Paper,Dozen,66,575.22,37964.75
1174,467,78,Velvet Fabric,Meters,394,918.23,361784.47
1175,468,2,Polyester Fabric,Sets,212,1197.17,253799.44
1176,468,88,Zipper - Closed End,Meters,495,216.79,107312.99
1177,469,74,Satin Fabric,Rolls,266,1114.38,296425.54
1178,469,30,Label - Woven,Dozen,226,889.31,200983.71
1179,469,35,Hanger - Wooden,Pieces,57,1234.14,70346.11
1180,470,96,Netting,Kgs,118,1042.63,123030.92
1181,470,8,Rayon Fabric,Rolls,122,498.71,60842.25
1182,471,89,Elastic Cord,Meters,249,806.61,200847.1
1183,472,49,PVC Fabric,Meters,94,349.44,32847.49
1184,472,48,Wadding,Packs,341,432.69,147548.79
1185,472,35,Hanger - Wooden,Pieces,65,1109.25,72100.96
1186,472,47,Terry Cloth,Kgs,318,1049.4,333709.41
1187,473,4,Silk Fabric,Sets,132,930.08,122770.52
1188,473,70,Badge,Dozen,64,683.33,43733.42
1189,473,77,Organza Fabric,Meters,15,904.65,13569.8
1190,474,25,Ribbon,Dozen,292,1184.9,345991.65
1191,474,5,Wool Fabric,Kgs,133,401.93,53456.58
1192,474,73,Mesh Fabric,Rolls,299,78.4,23441.97
1193,475,6,Denim Fabric,Pieces,34,472.66,16070.31
1194,475,40,Sequins,Rolls,14,953.26,13345.59
1195,475,97,Tulle Fabric,Pieces,154,616.46,94934.14
1196,475,65,Tassel,Kgs,109,1412.2,153930.31
1197,476,93,Ribbon - Grosgrain,Dozen,192,1522.77,292372.25
1198,476,90,Drawstring - Cotton,Sets,355,909.46,322859.37
1199,476,53,Eyelet,Rolls,469,736.44,345390.54
1200,476,13,Silk Thread,Dozen,267,1124.26,300178.4
1201,477,4,Silk Fabric,Sets,310,1053.19,326488.37
1202,477,62,Cord End,Rolls,310,213.29,66118.42
1203,478,38,Carton Box,Dozen,92,692.89,63745.91
1204,479,11,Cotton Thread,Packs,463,1185.95,549094.96
1205,479,92,Ribbon - Satin,Sets,128,1135.85,145389.34
1206,479,88,Zipper - Closed End,Meters,344,181.19,62328.91
1207,479,92,Ribbon - Satin,Sets,92,1163.47,107038.92
1208,480,58,Buckle - Metal,Dozen,412,398.92,164355.45
1209,480,38,Carton Box,Dozen,194,780.05,151330.46
1210,480,56,Snap Button,Kgs,30,932.07,27962.23
1211,481,31,Label - Printed,Rolls,116,754.12,87477.51
1212,481,78,Velvet Fabric,Meters,48,1109.11,53237.44
1213,481,73,Mesh Fabric,Rolls,331,98.83,32711.29
1214,481,13,Silk Thread,Dozen,422,922.1,389125.92
1215,482,71,Hook & Loop Tape,Rolls,454,156.09,70863.34
1216,482,12,Polyester Thread,Kgs,265,381.45,101085.37
1217,482,41,Beads,Pieces,96,1196.73,114886.09
1218,483,9,Nylon Fabric,Sets,153,661.05,101140.32
1219,483,46,Fleece Fabric,Pieces,55,67.04,3687.42
1220,484,34,Hanger - Plastic,Meters,252,851.59,214599.81
1221,484,98,Fusible Interfacing,Rolls,458,860.01,393882.65
1222,484,18,Button - Plastic,Sets,491,118.65,58259.54
1223,484,73,Mesh Fabric,Rolls,259,78.29,20276.5
1224,485,52,Button - Coconut,Packs,219,1278.98,280096.84
1225,485,88,Zipper - Closed End,Meters,76,195.72,14874.53
1226,485,66,Fringe Trim,Sets,442,430.83,190425.96
1227,486,48,Wadding,Packs,52,460.43,23942.51
1228,486,65,Tassel,Kgs,240,1393.57,334457.51
1229,486,88,Zipper - Closed End,Meters,31,204.43,6337.19
1230,487,95,Lace - Polyester,Rolls,414,1410.67,584018.58
1231,488,20,Button - Wooden,Kgs,446,280.71,125198.17
1232,489,21,Button - Shell,Kgs,301,712.84,214565.36
1233,489,10,Spandex Fabric,Rolls,124,715.97,88779.76
1234,489,60,Slider,Meters,352,756.36,266237.16
1235,489,60,Slider,Meters,249,868.78,216325.22
1236,490,14,Nylon Thread,Packs,53,759.37,40246.71
1237,490,14,Nylon Thread,Packs,479,915.91,438721.19
1238,490,51,Button - Brass,Sets,403,853.46,343943.34
1239,490,52,Button - Coconut,Packs,178,1051.56,187177.1
1240,491,78,Velvet Fabric,Meters,258,927.74,239356.42
1241,491,95,Lace - Polyester,Rolls,253,1362.8,344787.3
1242,491,59,Buckle - Plastic,Sets,29,1231.01,35699.18
1243,492,19,Button - Metal,Kgs,337,931.41,313885.67
1244,492,73,Mesh Fabric,Rolls,26,98.68,2565.78
1245,492,100,Sewing Thread - White,Packs,204,200.48,40897.88
1246,492,47,Terry Cloth,Kgs,414,965.84,399856.08
1247,493,28,Bias Tape,Sets,37,603.16,22316.89
1248,493,3,Linen Fabric,Kgs,497,1216.88,604790.41
1249,493,55,Rivet,Dozen,148,308.63,45676.94
1250,493,23,Elastic Band,Pieces,52,155.85,8104.34
1251,494,52,Button - Coconut,Packs,51,1118.67,57052.0
1252,494,92,Ribbon - Satin,Sets,241,1132.53,272940.41
1253,494,68,Patch - Embroidered,Dozen,119,1304.7,155258.89
1254,495,24,Lace Trim,Rolls,435,546.23,237612.0
1255,495,55,Rivet,Dozen,185,365.62,67639.12
1256,495,39,Thread - Embroidery,Rolls,94,986.9,92768.29
1257,496,62,Cord End,Rolls,253,197.38,49936.48
1258,496,21,Button - Shell,Kgs,366,719.53,263346.69
1259,496,89,Elastic Cord,Meters,302,789.15,238323.67
1260,496,2,Polyester Fabric,Sets,297,1183.77,351579.46
1261,497,10,Spandex Fabric,Rolls,380,766.18,291150.16
1262,497,79,Corduroy Fabric,Dozen,84,405.88,34093.98
1263,498,2,Polyester Fabric,Sets,87,1214.4,105653.13
1264,498,19,Button - Metal,Kgs,265,1090.37,288948.61
1265,498,15,Zipper - Nylon,Meters,415,149.1,61874.62
1266,499,34,Hanger - Plastic,Meters,276,803.93,221885.89
1267,499,58,Buckle - Metal,Dozen,492,473.9,233159.73
1268,499,17,Zipper - Plastic,Pieces,334,1157.14,386483.48
1269,499,75,Chiffon Fabric,Pieces,59,600.0,35400.12
1270,500,54,Grommet,Pieces,366,886.33,324396.63
1271,500,22,Hook & Eye,Dozen,317,385.9,122331.1
