id,invoice_number,customer_name,user_id,total_amount,discount,tax,grand_total,payment_method,status,notes,sale_date,created_at
1,INV-2024-00001,Suresh Bose,1,92212.02,111.08,303.76,92404.7,bank,completed,Exchange,2024-12-22T06:00:00,2024-12-22T06:00:00
2,INV-2024-00002,Ritu Kapoor,7,2265.33,123.12,294.72,2436.93,cash,completed,Exchange,2024-05-07T22:00:00,2024-05-07T22:00:00
3,INV-2024-00003,Sneha Kumar,8,77240.14,128.52,157.98,77269.6,cash,completed,Exchange,2024-12-09T03:00:00,2024-12-09T03:00:00
4,INV-2024-00004,Kavita Malhotra,11,79811.19,84.97,503.89,80230.11,cash,completed,Home delivery,2025-03-22T12:00:00,2025-03-22T12:00:00
5,INV-2024-00005,Ravi Sharma,10,15801.25,279.75,100.87,15622.37,upi,cancelled,Exchange,2024-04-16T02:00:00,2024-04-16T02:00:00
6,INV-2024-00006,Sanjay Menon,10,126006.01,241.76,540.81,126305.06,card,completed,,2024-04-12T20:00:00,2024-04-12T20:00:00
7,INV-2024-00007,Manish Gupta,4,82506.76,256.9,761.43,83011.29,bank,completed,Gift wrap requested,2025-04-10T17:00:00,2025-04-10T17:00:00
8,INV-2024-00008,Nidhi Choudhary,1,86656.12,281.89,630.11,87004.34,cash,completed,,2025-10-22T22:00:00,2025-10-22T22:00:00
9,INV-2024-00009,Kavita Malhotra,11,63587.27,72.47,722.15,64236.95,card,completed,,2025-11-05T08:00:00,2025-11-05T08:00:00
10,INV-2024-00010,Nidhi Saxena,9,101317.18,246.01,487.96,101559.13,bank,completed,Exchange,2024-01-27T04:00:00,2024-01-27T04:00:00
11,INV-2024-00011,Swati Choudhary,4,38824.44,184.88,326.79,38966.35,cash,cancelled,Gift wrap requested,2025-03-16T07:00:00,2025-03-16T07:00:00
12,INV-2024-00012,Manish Kumar,7,56229.33,271.25,423.48,56381.56,card,completed,,2024-05-11T20:00:00,2024-05-11T20:00:00
13,INV-2024-00013,Sunita Bose,7,3938.51,252.91,509.31,4194.91,bank,cancelled,,2024-05-09T16:00:00,2024-05-09T16:00:00
14,INV-2024-00014,Rajesh Patel,1,10246.27,131.23,510.54,10625.58,cash,completed,,2024-11-26T06:00:00,2024-11-26T06:00:00
15,INV-2024-00015,Swati Patel,10,27376.04,114.72,599.02,27860.34,card,completed,Bulk order,2025-09-24T22:00:00,2025-09-24T22:00:00
16,INV-2024-00016,Anjali Joshi,11,8554.26,269.37,251.6,8536.49,cash,completed,Bulk order,2025-10-08T11:00:00,2025-10-08T11:00:00
17,INV-2024-00017,Shweta Verma,5,11893.64,24.89,132.14,12000.89,cash,cancelled,Home delivery,2025-01-22T08:00:00,2025-01-22T08:00:00
18,INV-2024-00018,Sanjay Das,2,147434.95,32.12,240.32,147643.15,card,completed,,2024-04-15T03:00:00,2024-04-15T03:00:00
19,INV-2024-00019,Sneha Reddy,7,55479.89,30.2,640.44,56090.13,card,completed,Gift wrap requested,2025-05-21T11:00:00,2025-05-21T11:00:00
20,INV-2024-00020,Suresh Malhotra,7,34718.0,266.91,514.17,34965.26,card,completed,,2025-10-02T02:00:00,2025-10-02T02:00:00
21,INV-2024-00021,Gaurav Kumar,11,44143.9,170.19,493.19,44466.9,cash,completed,,2024-11-01T00:00:00,2024-11-01T00:00:00
22,INV-2024-00022,Geeta Das,9,43512.37,1.5,426.96,43937.83,bank,completed,,2024-12-21T15:00:00,2024-12-21T15:00:00
23,INV-2024-00023,Swati Sharma,9,98249.75,153.52,138.83,98235.06,bank,completed,,2025-09-12T00:00:00,2025-09-12T00:00:00
24,INV-2024-00024,Vikram Joshi,2,34354.36,218.32,753.08,34889.12,bank,completed,Gift wrap requested,2024-01-31T10:00:00,2024-01-31T10:00:00
25,INV-2024-00025,Pooja Pillai,11,25318.77,88.3,601.25,25831.72,card,completed,Exchange,2024-07-23T02:00:00,2024-07-23T02:00:00
26,INV-2024-00026,Deepak Kumar,4,67821.31,206.12,712.11,68327.3,bank,completed,,2025-02-13T06:00:00,2025-02-13T06:00:00
27,INV-2024-00027,Kavita Kumar,4,4499.89,286.13,400.51,4614.27,card,completed,Exchange,2025-08-20T18:00:00,2025-08-20T18:00:00
28,INV-2024-00028,Geeta Gupta,10,61400.6,114.91,175.78,61461.47,bank,completed,Bulk order,2024-10-05T10:00:00,2024-10-05T10:00:00
29,INV-2024-00029,Anjali Verma,9,47729.11,75.92,339.65,47992.84,cash,cancelled,,2024-03-06T14:00:00,2024-03-06T14:00:00
30,INV-2024-00030,Sunita Kumar,6,112473.41,128.82,165.01,112509.6,card,completed,,2025-02-11T00:00:00,2025-02-11T00:00:00
31,INV-2024-00031,Pooja Singh,6,30411.48,36.69,268.5,30643.29,cash,completed,,2025-11-03T11:00:00,2025-11-03T11:00:00
32,INV-2024-00032,Nidhi Agarwal,4,28567.32,168.49,320.76,28719.59,cash,completed,Exchange,2025-04-21T18:00:00,2025-04-21T18:00:00
33,INV-2024-00033,Swati Nair,10,74725.78,283.88,649.79,75091.69,upi,completed,Exchange,2024-08-10T03:00:00,2024-08-10T03:00:00
34,INV-2024-00034,Shweta Malhotra,6,6442.82,244.02,174.56,6373.36,cash,completed,Gift wrap requested,2025-10-23T13:00:00,2025-10-23T13:00:00
35,INV-2024-00035,Neha Gupta,2,103809.48,135.84,489.12,104162.76,cash,completed,,2024-02-17T08:00:00,2024-02-17T08:00:00
36,INV-2024-00036,Kavita Sharma,11,112038.98,234.99,469.09,112273.08,cash,completed,,2025-08-13T00:00:00,2025-08-13T00:00:00
37,INV-2024-00037,Priya Pillai,9,86444.64,11.74,522.93,86955.83,cash,completed,,2024-05-14T12:00:00,2024-05-14T12:00:00
38,INV-2024-00038,Kavita Nair,6,33245.2,226.11,332.27,33351.36,cash,completed,Gift wrap requested,2025-03-01T23:00:00,2025-03-01T23:00:00
39,INV-2024-00039,Manish Mehta,8,15207.57,148.0,520.06,15579.63,cash,completed,Exchange,2025-09-19T01:00:00,2025-09-19T01:00:00
40,INV-2024-00040,Meera Verma,1,46262.01,41.62,794.96,47015.35,upi,completed,,2024-04-15T00:00:00,2024-04-15T00:00:00
41,INV-2024-00041,Suresh Saxena,9,3122.31,296.87,748.61,3574.05,cash,completed,Home delivery,2024-06-23T02:00:00,2024-06-23T02:00:00
42,INV-2024-00042,Priya Mehta,2,15458.73,79.12,556.58,15936.19,card,completed,Bulk order,2024-02-14T03:00:00,2024-02-14T03:00:00
43,INV-2024-00043,Vijay Kapoor,2,47338.95,37.89,692.28,47993.34,cash,completed,Bulk order,2024-06-23T04:00:00,2024-06-23T04:00:00
44,INV-2024-00044,Sunita Menon,9,34085.72,72.16,392.78,34406.34,card,completed,,2025-04-02T21:00:00,2025-04-02T21:00:00
45,INV-2024-00045,Rajesh Nair,5,71817.4,213.41,295.35,71899.34,card,completed,Bulk order,2025-05-09T07:00:00,2025-05-09T07:00:00
46,INV-2024-00046,Ritu Verma,4,97141.09,3.94,188.59,97325.74,card,completed,Gift wrap requested,2024-03-20T02:00:00,2024-03-20T02:00:00
47,INV-2024-00047,Suresh Bose,9,169091.97,154.18,264.42,169202.21,bank,completed,Bulk order,2024-04-17T10:00:00,2024-04-17T10:00:00
48,INV-2024-00048,Sunita Singh,4,85865.66,275.01,320.75,85911.4,card,cancelled,Exchange,2024-06-06T16:00:00,2024-06-06T16:00:00
49,INV-2024-00049,Suresh Patel,5,18278.46,126.93,555.29,18706.82,cash,completed,,2024-07-26T12:00:00,2024-07-26T12:00:00
50,INV-2024-00050,Divya Gupta,4,113330.69,4.98,379.46,113705.17,bank,completed,Gift wrap requested,2025-04-17T03:00:00,2025-04-17T03:00:00
51,INV-2024-00051,Sanjay Saxena,5,31683.98,35.5,449.24,32097.72,bank,completed,,2025-11-08T16:00:00,2025-11-08T16:00:00
52,INV-2024-00052,Arun Malhotra,9,67021.78,100.12,364.25,67285.91,bank,completed,,2024-06-03T12:00:00,2024-06-03T12:00:00
53,INV-2024-00053,Divya Malhotra,4,1770.79,88.2,334.1,2016.69,cash,completed,Exchange,2025-10-26T12:00:00,2025-10-26T12:00:00
54,INV-2024-00054,Arun Malhotra,2,34733.23,204.35,524.15,35053.03,cash,completed,,2025-09-14T15:00:00,2025-09-14T15:00:00
55,INV-2024-00055,Vijay Nair,4,60424.46,19.75,98.8,60503.51,card,cancelled,Bulk order,2024-02-24T01:00:00,2024-02-24T01:00:00
56,INV-2024-00056,Manish Gupta,4,78311.67,220.18,706.03,78797.52,bank,completed,,2025-02-18T12:00:00,2025-02-18T12:00:00
57,INV-2024-00057,Pooja Mehta,10,233890.8,86.39,22.42,233826.83,card,cancelled,Bulk order,2024-06-24T06:00:00,2024-06-24T06:00:00
58,INV-2024-00058,Divya Mehta,4,100942.43,51.07,551.53,101442.89,card,completed,,2025-09-29T15:00:00,2025-09-29T15:00:00
59,INV-2024-00059,Amit Desai,7,77101.62,100.22,158.46,77159.86,bank,completed,,2025-04-11T04:00:00,2025-04-11T04:00:00
60,INV-2024-00060,Geeta Saxena,8,56495.51,174.95,400.88,56721.44,card,completed,,2025-11-26T00:00:00,2025-11-26T00:00:00
61,INV-2024-00061,Vijay Mehta,4,95502.57,157.58,150.5,95495.49,card,completed,,2024-02-16T00:00:00,2024-02-16T00:00:00
62,INV-2024-00062,Rahul Kapoor,8,93536.52,220.44,792.04,94108.12,bank,completed,,2024-11-07T23:00:00,2024-11-07T23:00:00
63,INV-2024-00063,Amit Saxena,5,17173.37,213.05,715.27,17675.59,upi,cancelled,Gift wrap requested,2025-01-08T14:00:00,2025-01-08T14:00:00
64,INV-2024-00064,Shweta Menon,11,30343.94,6.22,783.34,31121.06,card,completed,,2024-04-25T08:00:00,2024-04-25T08:00:00
65,INV-2024-00065,Meera Bose,7,40844.02,107.83,600.6,41336.79,card,completed,Bulk order,2025-05-24T00:00:00,2025-05-24T00:00:00
66,INV-2024-00066,Gaurav Pillai,8,73071.51,296.2,703.35,73478.66,card,completed,Bulk order,2024-04-20T08:00:00,2024-04-20T08:00:00
67,INV-2024-00067,Manish Bose,7,41690.42,283.58,235.47,41642.31,card,completed,Exchange,2024-12-23T10:00:00,2024-12-23T10:00:00
68,INV-2024-00068,Rahul Das,2,40836.85,130.04,374.92,41081.73,bank,completed,,2025-06-16T22:00:00,2025-06-16T22:00:00
69,INV-2024-00069,Sneha Singh,8,115739.34,204.28,428.09,115963.15,bank,cancelled,Exchange,2024-01-09T15:00:00,2024-01-09T15:00:00
70,INV-2024-00070,Kavita Desai,5,22022.86,19.38,249.89,22253.37,card,completed,,2025-11-11T05:00:00,2025-11-11T05:00:00
71,INV-2024-00071,Sunita Verma,8,23023.48,91.75,355.65,23287.38,upi,completed,,2024-10-16T18:00:00,2024-10-16T18:00:00
72,INV-2024-00072,Pooja Mehta,9,46984.73,199.6,619.73,47404.86,card,completed,Bulk order,2024-09-14T04:00:00,2024-09-14T04:00:00
73,INV-2024-00073,Divya Reddy,7,52647.06,175.57,82.96,52554.45,card,completed,Gift wrap requested,2024-10-04T04:00:00,2024-10-04T04:00:00
74,INV-2024-00074,Nidhi Choudhary,7,53648.21,119.73,725.25,54253.73,bank,completed,Exchange,2024-12-29T07:00:00,2024-12-29T07:00:00
75,INV-2024-00075,Vijay Malhotra,11,59285.28,262.78,647.42,59669.92,card,completed,,2024-11-14T05:00:00,2024-11-14T05:00:00
76,INV-2024-00076,Swati Reddy,5,49308.57,91.5,251.92,49468.99,upi,completed,Exchange,2024-05-18T13:00:00,2024-05-18T13:00:00
77,INV-2024-00077,Nidhi Malhotra,2,77304.81,41.58,364.68,77627.91,bank,cancelled,Bulk order,2024-07-06T12:00:00,2024-07-06T12:00:00
78,INV-2024-00078,Pooja Malhotra,8,11168.21,126.15,340.0,11382.06,cash,cancelled,,2025-01-01T14:00:00,2025-01-01T14:00:00
79,INV-2024-00079,Ashok Singh,10,45451.18,272.05,633.57,45812.7,cash,cancelled,,2025-03-07T02:00:00,2025-03-07T02:00:00
80,INV-2024-00080,Swati Bose,5,95403.72,16.06,679.18,96066.84,card,completed,Bulk order,2024-05-10T19:00:00,2024-05-10T19:00:00
81,INV-2024-00081,Nidhi Menon,8,4910.31,251.76,86.03,4744.58,bank,completed,,2024-01-07T14:00:00,2024-01-07T14:00:00
82,INV-2024-00082,Mohan Mehta,10,37558.03,144.44,278.42,37692.01,cash,completed,Bulk order,2025-08-31T03:00:00,2025-08-31T03:00:00
83,INV-2024-00083,Arun Verma,4,37891.73,154.88,458.4,38195.25,card,completed,,2025-08-21T21:00:00,2025-08-21T21:00:00
84,INV-2024-00084,Preeti Singh,5,39701.55,188.47,580.93,40094.01,cash,completed,Exchange,2025-11-22T20:00:00,2025-11-22T20:00:00
85,INV-2024-00085,Rajesh Sharma,3,99735.5,181.14,114.41,99668.77,cash,completed,,2024-07-24T03:00:00,2024-07-24T03:00:00
86,INV-2024-00086,Amit Menon,8,72191.31,117.21,742.31,72816.41,bank,completed,Gift wrap requested,2024-04-16T15:00:00,2024-04-16T15:00:00
87,INV-2024-00087,Mohan Pillai,5,85676.22,246.51,551.43,85981.14,upi,cancelled,,2024-07-07T07:00:00,2024-07-07T07:00:00
88,INV-2024-00088,Ravi Sharma,3,84291.31,42.51,600.79,84849.59,card,completed,Exchange,2025-03-18T04:00:00,2025-03-18T04:00:00
89,INV-2024-00089,Ritu Desai,5,164847.37,86.83,98.02,164858.56,cash,completed,,2025-07-13T06:00:00,2025-07-13T06:00:00
90,INV-2024-00090,Manish Choudhary,2,95875.68,139.19,654.53,96391.02,card,completed,,2025-11-14T08:00:00,2025-11-14T08:00:00
91,INV-2024-00091,Vijay Choudhary,1,25526.71,174.16,46.59,25399.14,upi,cancelled,Gift wrap requested,2025-04-13T03:00:00,2025-04-13T03:00:00
92,INV-2024-00092,Vikram Kapoor,8,113443.14,83.07,785.77,114145.84,bank,cancelled,Home delivery,2024-02-13T11:00:00,2024-02-13T11:00:00
93,INV-2024-00093,Pooja Menon,7,109249.8,153.91,156.11,109252.0,card,completed,Bulk order,2025-05-30T06:00:00,2025-05-30T06:00:00
94,INV-2024-00094,Sanjay Singh,5,91105.54,235.49,533.59,91403.64,card,completed,Home delivery,2025-07-30T10:00:00,2025-07-30T10:00:00
95,INV-2024-00095,Manish Desai,10,82825.67,197.69,469.31,83097.29,cash,cancelled,,2025-10-22T15:00:00,2025-10-22T15:00:00
96,INV-2024-00096,Rahul Bose,10,18084.38,104.43,501.63,18481.58,card,completed,,2024-05-12T22:00:00,2024-05-12T22:00:00
97,INV-2024-00097,Anjali Joshi,2,114906.83,199.58,409.56,115116.81,upi,completed,,2024-01-31T23:00:00,2024-01-31T23:00:00
98,INV-2024-00098,Nidhi Joshi,2,139501.06,269.94,155.72,139386.84,card,completed,,2024-08-25T23:00:00,2024-08-25T23:00:00
99,INV-2024-00099,Deepak Gupta,1,17704.1,254.04,76.85,17526.91,bank,cancelled,Bulk order,2024-03-04T19:00:00,2024-03-04T19:00:00
100,INV-2024-00100,Rahul Gupta,8,94769.69,113.29,791.32,95447.72,cash,cancelled,,2024-01-31T05:00:00,2024-01-31T05:00:00
101,INV-2024-00101,Ritu Kapoor,11,76783.74,85.83,176.93,76874.84,card,completed,Home delivery,2024-07-19T08:00:00,2024-07-19T08:00:00
102,INV-2024-00102,Rajesh Bose,1,30834.08,188.73,541.55,31186.9,card,completed,Home delivery,2025-06-25T06:00:00,2025-06-25T06:00:00
103,INV-2024-00103,Pooja Malhotra,10,69762.01,163.97,76.13,69674.17,card,cancelled,Gift wrap requested,2024-05-23T00:00:00,2024-05-23T00:00:00
104,INV-2024-00104,Vijay Desai,9,90038.71,105.63,502.41,90435.49,cash,completed,Home delivery,2024-07-13T06:00:00,2024-07-13T06:00:00
105,INV-2024-00105,Neha Choudhary,2,46041.76,170.75,119.21,45990.22,cash,completed,,2024-03-09T14:00:00,2024-03-09T14:00:00
106,INV-2024-00106,Meera Verma,10,66914.35,162.16,37.58,66789.77,bank,completed,Gift wrap requested,2024-04-30T15:00:00,2024-04-30T15:00:00
107,INV-2024-00107,Preeti Kumar,5,71915.34,22.43,468.78,72361.69,cash,cancelled,Exchange,2025-01-01T02:00:00,2025-01-01T02:00:00
108,INV-2024-00108,Geeta Verma,9,24583.18,209.26,106.48,24480.4,card,completed,Bulk order,2024-11-15T12:00:00,2024-11-15T12:00:00
109,INV-2024-00109,Rahul Malhotra,5,7291.01,60.15,712.66,7943.52,cash,completed,,2024-01-31T01:00:00,2024-01-31T01:00:00
110,INV-2024-00110,Rahul Verma,4,72551.09,148.07,648.42,73051.44,cash,cancelled,Bulk order,2025-07-14T23:00:00,2025-07-14T23:00:00
111,INV-2024-00111,Rajesh Malhotra,10,33690.0,221.79,744.9,34213.11,cash,completed,,2024-02-06T11:00:00,2024-02-06T11:00:00
112,INV-2024-00112,Priya Gupta,1,164647.31,148.98,195.69,164694.02,bank,completed,Gift wrap requested,2024-10-04T23:00:00,2024-10-04T23:00:00
113,INV-2024-00113,Amit Verma,1,36295.03,232.08,652.86,36715.81,cash,cancelled,Home delivery,2024-11-06T07:00:00,2024-11-06T07:00:00
114,INV-2024-00114,Shweta Sharma,9,116775.13,144.65,321.96,116952.44,card,completed,Gift wrap requested,2025-01-23T21:00:00,2025-01-23T21:00:00
115,INV-2024-00115,Vikram Gupta,8,130968.58,35.4,500.21,131433.39,bank,completed,,2025-03-13T17:00:00,2025-03-13T17:00:00
116,INV-2024-00116,Sneha Verma,4,79128.64,69.61,479.12,79538.15,card,completed,Bulk order,2024-12-17T13:00:00,2024-12-17T13:00:00
117,INV-2024-00117,Priya Sharma,4,19596.1,243.79,79.76,19432.07,card,completed,,2025-07-03T18:00:00,2025-07-03T18:00:00
118,INV-2024-00118,Rahul Saxena,10,75616.17,196.56,210.51,75630.12,bank,completed,Exchange,2024-10-16T01:00:00,2024-10-16T01:00:00
119,INV-2024-00119,Shweta Gupta,11,195921.99,23.04,215.16,196114.11,cash,completed,Gift wrap requested,2025-02-11T15:00:00,2025-02-11T15:00:00
120,INV-2024-00120,Sanjay Mehta,6,59258.98,234.06,248.29,59273.21,upi,completed,Exchange,2024-12-31T07:00:00,2024-12-31T07:00:00
121,INV-2024-00121,Nitin Pillai,9,52138.0,31.31,290.38,52397.07,card,cancelled,Gift wrap requested,2024-09-30T10:00:00,2024-09-30T10:00:00
122,INV-2024-00122,Suresh Singh,9,7712.68,69.16,598.69,8242.21,card,completed,,2024-10-13T02:00:00,2024-10-13T02:00:00
123,INV-2024-00123,Meera Kapoor,11,50775.32,229.26,763.38,51309.44,cash,completed,Home delivery,2024-05-25T01:00:00,2024-05-25T01:00:00
124,INV-2024-00124,Deepak Bose,7,111250.4,90.12,772.78,111933.06,cash,completed,Home delivery,2024-02-04T08:00:00,2024-02-04T08:00:00
125,INV-2024-00125,Ritu Sharma,7,17558.17,115.4,54.64,17497.41,card,completed,,2025-09-16T12:00:00,2025-09-16T12:00:00
126,INV-2024-00126,Swati Verma,11,71147.55,91.54,442.41,71498.42,bank,completed,Exchange,2025-11-06T13:00:00,2025-11-06T13:00:00
127,INV-2024-00127,Nidhi Bose,4,146890.83,227.18,285.94,146949.59,cash,completed,Home delivery,2024-12-10T08:00:00,2024-12-10T08:00:00
128,INV-2024-00128,Sneha Verma,2,88055.53,165.99,762.93,88652.47,upi,completed,Home delivery,2025-03-13T23:00:00,2025-03-13T23:00:00
129,INV-2024-00129,Neha Bose,10,9357.13,230.7,222.88,9349.31,card,completed,Bulk order,2025-07-01T14:00:00,2025-07-01T14:00:00
130,INV-2024-00130,Sneha Sharma,5,12387.13,239.88,761.75,12909.0,cash,completed,Home delivery,2024-08-31T04:00:00,2024-08-31T04:00:00
131,INV-2024-00131,Rahul Bose,7,40464.06,11.58,233.93,40686.41,bank,completed,Home delivery,2025-07-09T09:00:00,2025-07-09T09:00:00
132,INV-2024-00132,Amit Gupta,5,79715.05,170.53,270.37,79814.89,bank,completed,Gift wrap requested,2025-10-30T19:00:00,2025-10-30T19:00:00
133,INV-2024-00133,Sanjay Sharma,8,30388.07,11.1,299.8,30676.77,upi,cancelled,,2025-04-18T00:00:00,2025-04-18T00:00:00
134,INV-2024-00134,Vijay Patel,5,58053.86,269.11,450.13,58234.88,cash,completed,,2025-02-22T01:00:00,2025-02-22T01:00:00
135,INV-2024-00135,Deepak Desai,3,40692.45,68.23,156.11,40780.33,cash,completed,,2024-09-21T08:00:00,2024-09-21T08:00:00
136,INV-2024-00136,Priya Kumar,11,46417.14,152.02,363.44,46628.56,bank,completed,Exchange,2024-04-27T20:00:00,2024-04-27T20:00:00
137,INV-2024-00137,Nitin Nair,5,99755.05,4.84,679.05,100429.26,bank,cancelled,Bulk order,2024-08-21T01:00:00,2024-08-21T01:00:00
138,INV-2024-00138,Meera Saxena,2,19735.98,23.24,366.17,20078.91,cash,completed,,2024-02-15T19:00:00,2024-02-15T19:00:00
139,INV-2024-00139,Vijay Saxena,11,45139.17,124.79,520.67,45535.05,bank,completed,,2024-07-27T10:00:00,2024-07-27T10:00:00
140,INV-2024-00140,Nidhi Saxena,6,47766.54,292.53,719.97,48193.98,bank,completed,,2024-11-30T19:00:00,2024-11-30T19:00:00
141,INV-2024-00141,Anjali Saxena,1,7585.5,87.26,137.05,7635.29,cash,completed,,2025-09-28T00:00:00,2025-09-28T00:00:00
142,INV-2024-00142,Nidhi Agarwal,9,67904.91,214.73,598.79,68288.97,cash,completed,,2025-09-15T06:00:00,2025-09-15T06:00:00
143,INV-2024-00143,Priya Singh,7,87230.24,228.78,526.39,87527.85,cash,completed,Exchange,2025-01-22T18:00:00,2025-01-22T18:00:00
144,INV-2024-00144,Ravi Pillai,7,49487.68,161.69,114.57,49440.56,cash,completed,Exchange,2025-05-30T18:00:00,2025-05-30T18:00:00
145,INV-2024-00145,Arun Menon,8,15269.21,95.08,172.12,15346.25,cash,completed,,2025-04-28T21:00:00,2025-04-28T21:00:00
146,INV-2024-00146,Nidhi Saxena,4,23072.52,136.75,603.59,23539.36,cash,completed,Gift wrap requested,2024-12-02T07:00:00,2024-12-02T07:00:00
147,INV-2024-00147,Rajesh Saxena,9,11451.34,151.69,733.42,12033.07,upi,completed,Exchange,2025-02-23T11:00:00,2025-02-23T11:00:00
148,INV-2024-00148,Nidhi Malhotra,4,30508.13,170.8,664.89,31002.22,card,cancelled,,2024-08-23T14:00:00,2024-08-23T14:00:00
149,INV-2024-00149,Vijay Singh,10,2039.89,78.08,243.77,2205.58,bank,completed,,2025-02-21T21:00:00,2025-02-21T21:00:00
150,INV-2024-00150,Arun Singh,10,11320.75,148.26,707.52,11880.01,card,completed,Gift wrap requested,2025-02-22T13:00:00,2025-02-22T13:00:00
151,INV-2024-00151,Sunita Malhotra,5,40256.26,229.65,574.88,40601.49,card,completed,,2024-01-16T05:00:00,2024-01-16T05:00:00
152,INV-2024-00152,Amit Kumar,2,39780.67,39.71,696.17,40437.13,card,completed,,2024-02-04T13:00:00,2024-02-04T13:00:00
153,INV-2024-00153,Nitin Pillai,4,102442.52,213.6,112.84,102341.76,bank,cancelled,Exchange,2024-05-10T12:00:00,2024-05-10T12:00:00
154,INV-2024-00154,Divya Verma,2,53670.16,221.62,296.87,53745.41,card,completed,Bulk order,2025-09-23T03:00:00,2025-09-23T03:00:00
155,INV-2024-00155,Mohan Malhotra,5,11468.96,227.3,566.09,11807.75,upi,completed,Bulk order,2025-04-05T23:00:00,2025-04-05T23:00:00
156,INV-2024-00156,Rajesh Singh,1,113196.81,178.07,308.5,113327.24,upi,completed,Gift wrap requested,2025-08-26T16:00:00,2025-08-26T16:00:00
157,INV-2024-00157,Anjali Menon,10,58597.08,83.79,622.94,59136.23,card,completed,Gift wrap requested,2024-11-24T14:00:00,2024-11-24T14:00:00
158,INV-2024-00158,Vijay Menon,9,94270.73,173.95,678.37,94775.15,card,completed,,2024-12-15T01:00:00,2024-12-15T01:00:00
159,INV-2024-00159,Ashok Kumar,3,143351.2,12.58,757.14,144095.76,upi,completed,Gift wrap requested,2025-01-28T10:00:00,2025-01-28T10:00:00
160,INV-2024-00160,Vijay Das,6,32933.09,29.84,242.14,33145.39,cash,completed,,2025-06-15T08:00:00,2025-06-15T08:00:00
161,INV-2024-00161,Meera Kumar,5,52959.88,281.76,222.35,52900.47,cash,completed,,2025-05-13T14:00:00,2025-05-13T14:00:00
162,INV-2024-00162,Vikram Gupta,4,48403.47,165.65,416.78,48654.6,card,completed,Exchange,2025-11-13T08:00:00,2025-11-13T08:00:00
163,INV-2024-00163,Swati Reddy,1,93097.99,146.51,661.47,93612.95,bank,completed,,2024-02-10T17:00:00,2024-02-10T17:00:00
164,INV-2024-00164,Divya Kapoor,9,67115.02,37.85,374.0,67451.17,cash,completed,Gift wrap requested,2025-08-07T13:00:00,2025-08-07T13:00:00
165,INV-2024-00165,Deepak Patel,3,41195.26,297.92,590.67,41488.01,cash,completed,Home delivery,2025-03-18T15:00:00,2025-03-18T15:00:00
166,INV-2024-00166,Nidhi Joshi,2,26338.6,98.13,415.51,26655.98,bank,completed,Bulk order,2024-03-21T23:00:00,2024-03-21T23:00:00
167,INV-2024-00167,Ashok Patel,6,96591.38,267.68,49.92,96373.62,cash,cancelled,,2025-06-09T21:00:00,2025-06-09T21:00:00
168,INV-2024-00168,Shweta Verma,11,72771.34,188.19,211.81,72794.96,cash,completed,Home delivery,2024-07-13T17:00:00,2024-07-13T17:00:00
169,INV-2024-00169,Suresh Nair,8,56621.69,45.43,654.82,57231.08,upi,completed,,2024-08-13T21:00:00,2024-08-13T21:00:00
170,INV-2024-00170,Ravi Patel,9,88233.98,257.15,604.57,88581.4,cash,completed,,2024-05-14T06:00:00,2024-05-14T06:00:00
171,INV-2024-00171,Geeta Reddy,3,27946.49,11.64,556.63,28491.48,cash,completed,Bulk order,2025-05-17T17:00:00,2025-05-17T17:00:00
172,INV-2024-00172,Ravi Saxena,8,38476.69,159.14,764.38,39081.93,bank,completed,,2025-08-20T07:00:00,2025-08-20T07:00:00
173,INV-2024-00173,Ritu Choudhary,10,66798.37,107.14,395.15,67086.38,cash,completed,,2025-11-15T15:00:00,2025-11-15T15:00:00
174,INV-2024-00174,Sanjay Agarwal,4,28446.84,198.73,110.34,28358.45,card,completed,Bulk order,2024-10-21T13:00:00,2024-10-21T13:00:00
175,INV-2024-00175,Nitin Choudhary,3,8067.49,232.1,397.32,8232.71,card,cancelled,Gift wrap requested,2024-04-26T11:00:00,2024-04-26T11:00:00
176,INV-2024-00176,Kavita Nair,9,105125.61,64.53,683.77,105744.85,card,completed,Exchange,2024-08-28T00:00:00,2024-08-28T00:00:00
177,INV-2024-00177,Shweta Agarwal,7,17476.78,117.41,364.72,17724.09,card,completed,,2024-11-26T08:00:00,2024-11-26T08:00:00
178,INV-2024-00178,Divya Joshi,6,17424.7,190.88,55.59,17289.41,card,completed,,2024-10-01T15:00:00,2024-10-01T15:00:00
179,INV-2024-00179,Swati Reddy,11,1790.0,33.09,775.24,2532.15,cash,completed,,2025-08-09T05:00:00,2025-08-09T05:00:00
180,INV-2024-00180,Amit Sharma,7,22374.49,27.08,569.69,22917.1,bank,cancelled,,2025-09-11T17:00:00,2025-09-11T17:00:00
181,INV-2024-00181,Arun Reddy,6,63464.27,160.64,788.47,64092.1,cash,completed,Home delivery,2025-11-01T01:00:00,2025-11-01T01:00:00
182,INV-2024-00182,Nidhi Kumar,6,9957.22,99.45,188.18,10045.95,upi,completed,,2024-08-22T09:00:00,2024-08-22T09:00:00
183,INV-2024-00183,Ashok Menon,2,110008.21,150.45,637.25,110495.01,cash,completed,,2024-02-06T00:00:00,2024-02-06T00:00:00
184,INV-2024-00184,Meera Joshi,1,47201.59,81.74,116.44,47236.29,card,completed,,2024-11-04T00:00:00,2024-11-04T00:00:00
185,INV-2024-00185,Rajesh Patel,9,84213.09,216.63,614.66,84611.12,card,completed,,2024-10-03T02:00:00,2024-10-03T02:00:00
186,INV-2024-00186,Sneha Singh,2,88306.91,220.76,638.24,88724.39,card,cancelled,Home delivery,2025-07-08T19:00:00,2025-07-08T19:00:00
187,INV-2024-00187,Neha Menon,1,88191.63,90.65,377.95,88478.93,cash,completed,Bulk order,2024-11-15T10:00:00,2024-11-15T10:00:00
188,INV-2024-00188,Manish Mehta,7,77529.23,27.92,774.17,78275.48,cash,completed,Gift wrap requested,2025-08-13T15:00:00,2025-08-13T15:00:00
189,INV-2024-00189,Swati Menon,4,91798.0,114.72,794.66,92477.94,upi,completed,,2024-10-18T22:00:00,2024-10-18T22:00:00
190,INV-2024-00190,Sunita Kapoor,4,11050.47,173.36,39.42,10916.53,card,completed,,2025-07-13T22:00:00,2025-07-13T22:00:00
191,INV-2024-00191,Sunita Mehta,6,50924.81,43.13,511.33,51393.01,cash,completed,Exchange,2025-05-03T18:00:00,2025-05-03T18:00:00
192,INV-2024-00192,Preeti Desai,10,83935.15,74.99,130.24,83990.4,cash,completed,Exchange,2024-06-22T06:00:00,2024-06-22T06:00:00
193,INV-2024-00193,Priya Desai,5,80602.81,123.56,597.6,81076.85,card,completed,,2025-08-03T07:00:00,2025-08-03T07:00:00
194,INV-2024-00194,Neha Sharma,5,29817.44,207.12,608.93,30219.25,card,cancelled,Gift wrap requested,2025-08-01T19:00:00,2025-08-01T19:00:00
195,INV-2024-00195,Meera Agarwal,8,20072.33,212.66,421.26,20280.93,upi,completed,,2024-11-16T20:00:00,2024-11-16T20:00:00
196,INV-2024-00196,Rajesh Choudhary,3,39554.78,227.07,146.43,39474.14,upi,completed,,2025-03-11T22:00:00,2025-03-11T22:00:00
197,INV-2024-00197,Preeti Gupta,1,43112.22,265.65,406.24,43252.81,upi,cancelled,Gift wrap requested,2024-07-21T14:00:00,2024-07-21T14:00:00
198,INV-2024-00198,Preeti Pillai,7,3320.87,119.82,251.47,3452.52,card,completed,Bulk order,2024-05-23T23:00:00,2024-05-23T23:00:00
199,INV-2024-00199,Arun Agarwal,10,30552.69,266.86,459.77,30745.6,card,completed,,2025-11-23T08:00:00,2025-11-23T08:00:00
200,INV-2024-00200,Suresh Das,6,97192.56,155.81,215.97,97252.72,card,completed,,2025-06-19T21:00:00,2025-06-19T21:00:00
201,INV-2024-00201,Arun Desai,1,85324.85,95.31,159.8,85389.34,card,completed,,2024-05-18T05:00:00,2024-05-18T05:00:00
202,INV-2024-00202,Suresh Reddy,2,26156.17,161.32,278.21,26273.06,cash,cancelled,Gift wrap requested,2024-11-15T22:00:00,2024-11-15T22:00:00
203,INV-2024-00203,Rajesh Saxena,11,15160.16,167.75,196.3,15188.71,upi,completed,,2025-08-31T05:00:00,2025-08-31T05:00:00
204,INV-2024-00204,Mohan Malhotra,10,53485.7,218.8,306.47,53573.37,card,completed,Exchange,2024-10-08T09:00:00,2024-10-08T09:00:00
205,INV-2024-00205,Shweta Reddy,2,66770.6,177.79,100.32,66693.13,card,completed,,2025-07-08T20:00:00,2025-07-08T20:00:00
206,INV-2024-00206,Sunita Singh,9,33030.55,176.2,617.52,33471.87,bank,cancelled,Home delivery,2024-09-26T18:00:00,2024-09-26T18:00:00
207,INV-2024-00207,Deepak Das,11,116997.22,272.77,183.26,116907.71,cash,completed,,2025-08-29T19:00:00,2025-08-29T19:00:00
208,INV-2024-00208,Vikram Singh,3,92546.3,142.64,20.19,92423.85,cash,completed,,2024-04-03T19:00:00,2024-04-03T19:00:00
209,INV-2024-00209,Neha Desai,6,10372.62,90.77,612.81,10894.66,card,cancelled,Gift wrap requested,2025-06-07T14:00:00,2025-06-07T14:00:00
210,INV-2024-00210,Nitin Desai,6,24876.19,93.53,427.15,25209.81,cash,completed,Exchange,2025-01-21T12:00:00,2025-01-21T12:00:00
211,INV-2024-00211,Ravi Nair,3,59121.77,251.96,457.18,59326.99,card,completed,Bulk order,2024-08-07T05:00:00,2024-08-07T05:00:00
212,INV-2024-00212,Gaurav Malhotra,11,152927.66,104.45,39.73,152862.94,bank,completed,Home delivery,2024-05-03T17:00:00,2024-05-03T17:00:00
213,INV-2024-00213,Divya Malhotra,4,85958.69,185.09,703.51,86477.11,card,completed,,2025-11-17T11:00:00,2025-11-17T11:00:00
214,INV-2024-00214,Amit Reddy,8,114382.67,108.3,172.01,114446.38,cash,completed,,2024-07-02T23:00:00,2024-07-02T23:00:00
215,INV-2024-00215,Sneha Nair,9,58590.59,276.47,493.28,58807.4,cash,completed,Bulk order,2024-04-06T11:00:00,2024-04-06T11:00:00
216,INV-2024-00216,Priya Nair,5,127658.35,187.58,777.49,128248.26,cash,completed,Exchange,2025-05-05T12:00:00,2025-05-05T12:00:00
217,INV-2024-00217,Ritu Kumar,8,101593.13,224.98,525.09,101893.24,cash,completed,,2025-10-09T14:00:00,2025-10-09T14:00:00
218,INV-2024-00218,Geeta Singh,3,41091.8,261.27,122.69,40953.22,card,completed,,2025-01-13T00:00:00,2025-01-13T00:00:00
219,INV-2024-00219,Nitin Verma,6,134862.24,29.24,444.39,135277.39,card,cancelled,Bulk order,2025-03-30T20:00:00,2025-03-30T20:00:00
220,INV-2024-00220,Mohan Agarwal,3,63430.79,271.72,477.74,63636.81,bank,cancelled,,2024-01-18T10:00:00,2024-01-18T10:00:00
221,INV-2024-00221,Neha Verma,2,1198.38,57.88,613.81,1754.31,card,completed,,2025-11-11T12:00:00,2025-11-11T12:00:00
222,INV-2024-00222,Priya Nair,10,69611.95,59.61,414.26,69966.6,card,completed,,2024-06-25T14:00:00,2024-06-25T14:00:00
223,INV-2024-00223,Pooja Gupta,6,80799.04,139.88,672.16,81331.32,cash,cancelled,Gift wrap requested,2024-10-07T17:00:00,2024-10-07T17:00:00
224,INV-2024-00224,Sneha Patel,3,36513.27,218.87,164.81,36459.21,cash,completed,Home delivery,2024-03-31T03:00:00,2024-03-31T03:00:00
225,INV-2024-00225,Suresh Saxena,8,16914.45,24.38,584.94,17475.01,card,completed,Home delivery,2024-06-22T00:00:00,2024-06-22T00:00:00
226,INV-2024-00226,Gaurav Reddy,3,43807.34,93.15,315.86,44030.05,bank,completed,,2025-11-28T20:00:00,2025-11-28T20:00:00
227,INV-2024-00227,Rahul Malhotra,4,13010.5,250.58,232.78,12992.7,card,completed,,2024-05-23T18:00:00,2024-05-23T18:00:00
228,INV-2024-00228,Sanjay Nair,2,96447.02,146.97,471.38,96771.43,bank,cancelled,Gift wrap requested,2024-09-22T22:00:00,2024-09-22T22:00:00
229,INV-2024-00229,Mohan Kumar,1,1730.39,284.9,476.47,1921.96,card,cancelled,Exchange,2025-10-08T21:00:00,2025-10-08T21:00:00
230,INV-2024-00230,Neha Saxena,11,97797.86,243.27,641.09,98195.68,card,completed,Bulk order,2024-08-03T22:00:00,2024-08-03T22:00:00
231,INV-2024-00231,Mohan Nair,2,94082.11,153.98,184.36,94112.49,card,completed,,2025-05-30T17:00:00,2025-05-30T17:00:00
232,INV-2024-00232,Arun Kumar,8,51647.71,41.94,477.72,52083.49,bank,cancelled,Gift wrap requested,2024-02-02T03:00:00,2024-02-02T03:00:00
233,INV-2024-00233,Gaurav Verma,6,48196.66,210.39,510.99,48497.26,cash,completed,Gift wrap requested,2025-11-05T18:00:00,2025-11-05T18:00:00
234,INV-2024-00234,Rahul Gupta,3,70214.71,273.94,258.89,70199.66,card,cancelled,,2025-05-01T10:00:00,2025-05-01T10:00:00
235,INV-2024-00235,Nidhi Das,8,41036.85,178.07,561.71,41420.49,upi,completed,Gift wrap requested,2024-01-23T14:00:00,2024-01-23T14:00:00
236,INV-2024-00236,Divya Saxena,10,10558.29,101.36,549.27,11006.2,bank,completed,,2024-09-06T08:00:00,2024-09-06T08:00:00
237,INV-2024-00237,Neha Malhotra,5,16044.15,286.19,332.59,16090.55,cash,completed,Exchange,2025-06-03T03:00:00,2025-06-03T03:00:00
238,INV-2024-00238,Gaurav Das,9,109493.68,59.54,778.49,110212.63,card,completed,Bulk order,2024-06-19T09:00:00,2024-06-19T09:00:00
239,INV-2024-00239,Rajesh Mehta,3,5842.39,240.45,377.8,5979.74,card,completed,,2024-12-07T01:00:00,2024-12-07T01:00:00
240,INV-2024-00240,Suresh Kumar,5,25844.55,92.26,163.98,25916.27,card,completed,,2025-11-05T04:00:00,2025-11-05T04:00:00
241,INV-2024-00241,Shweta Pillai,6,32033.99,1.48,144.28,32176.79,cash,completed,Exchange,2024-09-07T04:00:00,2024-09-07T04:00:00
242,INV-2024-00242,Suresh Desai,11,82682.35,112.89,381.52,82950.98,card,completed,Gift wrap requested,2025-02-07T22:00:00,2025-02-07T22:00:00
243,INV-2024-00243,Ashok Singh,7,107208.06,231.98,720.46,107696.54,upi,completed,Exchange,2024-05-11T10:00:00,2024-05-11T10:00:00
244,INV-2024-00244,Rajesh Saxena,8,56334.94,200.96,776.78,56910.76,cash,completed,Exchange,2025-02-07T17:00:00,2025-02-07T17:00:00
245,INV-2024-00245,Pooja Saxena,6,124087.95,150.44,21.24,123958.75,cash,completed,,2024-07-01T07:00:00,2024-07-01T07:00:00
246,INV-2024-00246,Vikram Desai,4,37434.29,13.27,255.51,37676.53,cash,completed,Gift wrap requested,2025-10-23T07:00:00,2025-10-23T07:00:00
247,INV-2024-00247,Neha Singh,5,53425.4,93.33,546.71,53878.78,card,completed,,2025-10-31T05:00:00,2025-10-31T05:00:00
248,INV-2024-00248,Anjali Choudhary,11,138740.15,155.2,103.02,138687.97,cash,completed,Bulk order,2025-03-07T05:00:00,2025-03-07T05:00:00
249,INV-2024-00249,Preeti Choudhary,1,138757.55,48.27,120.42,138829.7,cash,completed,Bulk order,2024-04-13T20:00:00,2024-04-13T20:00:00
250,INV-2024-00250,Ritu Choudhary,7,51469.04,231.41,256.3,51493.93,bank,completed,Exchange,2025-04-10T00:00:00,2025-04-10T00:00:00
251,INV-2024-00251,Pooja Desai,6,97697.15,253.25,777.98,98221.88,cash,completed,Gift wrap requested,2025-04-06T16:00:00,2025-04-06T16:00:00
252,INV-2024-00252,Preeti Patel,3,46827.36,2.09,759.6,47584.87,upi,cancelled,,2025-06-28T12:00:00,2025-06-28T12:00:00
253,INV-2024-00253,Mohan Das,8,20956.35,130.47,382.52,21208.4,cash,completed,Home delivery,2024-07-21T16:00:00,2024-07-21T16:00:00
254,INV-2024-00254,Pooja Verma,10,136018.03,205.92,216.81,136028.92,bank,completed,Home delivery,2025-05-16T14:00:00,2025-05-16T14:00:00
255,INV-2024-00255,Deepak Kumar,5,8245.72,107.07,33.66,8172.31,bank,completed,Bulk order,2024-01-25T17:00:00,2024-01-25T17:00:00
256,INV-2024-00256,Sunita Saxena,1,59176.43,159.38,329.05,59346.1,card,completed,Exchange,2024-02-06T19:00:00,2024-02-06T19:00:00
257,INV-2024-00257,Divya Singh,11,29128.95,148.04,716.32,29697.23,bank,completed,Bulk order,2024-04-06T04:00:00,2024-04-06T04:00:00
258,INV-2024-00258,Sneha Menon,10,12614.45,137.53,79.7,12556.62,bank,completed,,2025-09-24T07:00:00,2025-09-24T07:00:00
259,INV-2024-00259,Ravi Gupta,7,67011.82,153.79,585.81,67443.84,bank,completed,Gift wrap requested,2025-09-15T23:00:00,2025-09-15T23:00:00
260,INV-2024-00260,Anjali Nair,11,62883.68,222.81,81.84,62742.71,card,completed,Home delivery,2025-02-14T00:00:00,2025-02-14T00:00:00
261,INV-2024-00261,Deepak Mehta,10,33603.23,154.21,686.31,34135.33,card,completed,,2024-07-15T18:00:00,2024-07-15T18:00:00
262,INV-2024-00262,Suresh Malhotra,5,75837.83,224.06,627.08,76240.85,bank,cancelled,Bulk order,2025-08-10T15:00:00,2025-08-10T15:00:00
263,INV-2024-00263,Manish Kumar,11,5036.84,85.47,23.94,4975.31,card,completed,Home delivery,2024-02-16T19:00:00,2024-02-16T19:00:00
264,INV-2024-00264,Vikram Nair,5,28265.92,138.73,636.4,28763.59,upi,completed,,2025-02-28T21:00:00,2025-02-28T21:00:00
265,INV-2024-00265,Amit Agarwal,4,53163.91,19.12,244.51,53389.3,upi,cancelled,Home delivery,2024-08-14T07:00:00,2024-08-14T07:00:00
266,INV-2024-00266,Neha Das,6,87546.39,162.44,390.97,87774.92,cash,completed,,2025-04-16T18:00:00,2025-04-16T18:00:00
267,INV-2024-00267,Pooja Kapoor,3,40374.61,138.58,599.21,40835.24,card,cancelled,Bulk order,2024-12-14T10:00:00,2024-12-14T10:00:00
268,INV-2024-00268,Manish Nair,7,50977.55,9.68,684.79,51652.66,cash,completed,Exchange,2024-06-23T21:00:00,2024-06-23T21:00:00
269,INV-2024-00269,Suresh Menon,6,123793.06,91.21,605.67,124307.52,card,completed,,2024-12-19T02:00:00,2024-12-19T02:00:00
270,INV-2024-00270,Vijay Kumar,10,152496.45,105.49,356.59,152747.55,cash,completed,Exchange,2024-06-08T19:00:00,2024-06-08T19:00:00
271,INV-2024-00271,Manish Pillai,3,138683.28,113.53,760.08,139329.83,cash,completed,Gift wrap requested,2025-05-17T07:00:00,2025-05-17T07:00:00
272,INV-2024-00272,Sunita Bose,5,127545.55,53.59,144.11,127636.07,upi,completed,Exchange,2024-08-11T06:00:00,2024-08-11T06:00:00
273,INV-2024-00273,Ashok Reddy,7,8472.5,270.14,237.53,8439.89,bank,completed,Bulk order,2025-02-22T11:00:00,2025-02-22T11:00:00
274,INV-2024-00274,Rahul Menon,9,23089.14,159.75,195.58,23124.97,card,completed,Home delivery,2025-10-10T20:00:00,2025-10-10T20:00:00
275,INV-2024-00275,Mohan Kapoor,3,6178.05,277.17,158.55,6059.43,bank,completed,Exchange,2025-04-20T09:00:00,2025-04-20T09:00:00
276,INV-2024-00276,Ravi Kumar,11,66470.47,272.18,319.02,66517.31,upi,completed,Gift wrap requested,2024-12-08T14:00:00,2024-12-08T14:00:00
277,INV-2024-00277,Ravi Sharma,10,190264.02,67.26,495.57,190692.33,cash,completed,Exchange,2025-02-24T06:00:00,2025-02-24T06:00:00
278,INV-2024-00278,Neha Sharma,6,24609.94,182.94,149.84,24576.84,upi,completed,Bulk order,2025-08-07T23:00:00,2025-08-07T23:00:00
279,INV-2024-00279,Amit Das,11,26432.19,116.8,418.84,26734.23,card,completed,Gift wrap requested,2024-04-03T11:00:00,2024-04-03T11:00:00
280,INV-2024-00280,Preeti Joshi,3,5867.38,141.65,575.98,6301.71,card,completed,,2025-01-12T23:00:00,2025-01-12T23:00:00
281,INV-2024-00281,Gaurav Sharma,4,28139.69,173.28,378.17,28344.58,upi,cancelled,Gift wrap requested,2024-10-27T02:00:00,2024-10-27T02:00:00
282,INV-2024-00282,Sanjay Menon,11,55376.19,33.35,491.13,55833.97,bank,completed,,2024-09-04T05:00:00,2024-09-04T05:00:00
283,INV-2024-00283,Rajesh Sharma,1,64538.3,204.61,336.95,64670.64,cash,completed,Home delivery,2025-04-18T23:00:00,2025-04-18T23:00:00
284,INV-2024-00284,Nidhi Malhotra,5,61270.78,265.01,439.13,61444.9,upi,cancelled,Bulk order,2025-01-29T02:00:00,2025-01-29T02:00:00
285,INV-2024-00285,Amit Kapoor,8,149233.56,248.33,66.63,149051.86,card,completed,,2025-06-30T22:00:00,2025-06-30T22:00:00
286,INV-2024-00286,Sneha Menon,11,89220.48,194.89,354.3,89379.89,cash,completed,,2025-02-13T22:00:00,2025-02-13T22:00:00
287,INV-2024-00287,Ashok Gupta,3,30626.4,109.94,532.1,31048.56,card,completed,Home delivery,2024-09-25T18:00:00,2024-09-25T18:00:00
288,INV-2024-00288,Deepak Gupta,6,6665.03,192.61,77.77,6550.19,upi,completed,Home delivery,2025-05-09T06:00:00,2025-05-09T06:00:00
289,INV-2024-00289,Rahul Mehta,8,81690.95,99.2,371.29,81963.04,bank,cancelled,,2024-09-07T08:00:00,2024-09-07T08:00:00
290,INV-2024-00290,Ashok Singh,3,81338.19,156.53,40.23,81221.89,bank,cancelled,,2025-08-31T01:00:00,2025-08-31T01:00:00
291,INV-2024-00291,Nitin Kumar,10,14919.46,190.17,390.72,15120.01,card,completed,,2024-10-25T09:00:00,2024-10-25T09:00:00
292,INV-2024-00292,Geeta Mehta,7,141242.68,77.19,197.78,141363.27,card,cancelled,,2024-05-11T04:00:00,2024-05-11T04:00:00
293,INV-2024-00293,Amit Nair,6,25884.71,216.34,601.46,26269.83,cash,completed,Gift wrap requested,2024-05-31T18:00:00,2024-05-31T18:00:00
294,INV-2024-00294,Pooja Singh,10,11890.47,255.78,265.15,11899.84,bank,completed,Home delivery,2025-09-25T05:00:00,2025-09-25T05:00:00
295,INV-2024-00295,Anjali Menon,8,76934.45,52.62,719.76,77601.59,cash,completed,,2025-05-11T20:00:00,2025-05-11T20:00:00
296,INV-2024-00296,Suresh Joshi,3,58689.98,83.49,626.85,59233.34,cash,completed,,2024-08-18T09:00:00,2024-08-18T09:00:00
297,INV-2024-00297,Vijay Sharma,9,86390.96,269.44,598.27,86719.79,bank,completed,Gift wrap requested,2025-05-25T14:00:00,2025-05-25T14:00:00
298,INV-2024-00298,Rahul Menon,2,18878.39,81.44,770.09,19567.04,upi,cancelled,Home delivery,2025-10-03T03:00:00,2025-10-03T03:00:00
299,INV-2024-00299,Sanjay Bose,9,20423.92,74.39,219.74,20569.27,upi,completed,Bulk order,2024-03-22T01:00:00,2024-03-22T01:00:00
300,INV-2024-00300,Meera Kapoor,3,63160.3,12.07,495.13,63643.36,cash,completed,,2025-10-28T07:00:00,2025-10-28T07:00:00
301,INV-2024-00301,Mohan Patel,3,36881.54,156.77,67.47,36792.24,card,completed,Exchange,2024-07-13T23:00:00,2024-07-13T23:00:00
302,INV-2024-00302,Sanjay Gupta,9,27095.78,264.49,59.84,26891.13,upi,completed,,2025-08-18T15:00:00,2025-08-18T15:00:00
303,INV-2024-00303,Sanjay Patel,8,19773.36,59.22,443.05,20157.19,card,cancelled,Gift wrap requested,2025-05-04T03:00:00,2025-05-04T03:00:00
304,INV-2024-00304,Amit Bose,7,25622.17,258.34,106.99,25470.82,card,completed,Exchange,2024-11-03T18:00:00,2024-11-03T18:00:00
305,INV-2024-00305,Ashok Kapoor,1,82245.71,75.52,337.59,82507.78,bank,completed,Bulk order,2025-10-12T19:00:00,2025-10-12T19:00:00
306,INV-2024-00306,Arun Desai,9,123092.63,85.13,523.32,123530.82,bank,cancelled,,2024-06-29T10:00:00,2024-06-29T10:00:00
307,INV-2024-00307,Shweta Pillai,9,199788.92,92.64,363.23,200059.51,card,completed,,2024-12-15T08:00:00,2024-12-15T08:00:00
308,INV-2024-00308,Ritu Desai,3,90725.6,53.64,613.14,91285.1,upi,completed,,2024-11-22T16:00:00,2024-11-22T16:00:00
309,INV-2024-00309,Ravi Pillai,3,94371.18,58.08,104.8,94417.9,card,completed,,2025-03-29T10:00:00,2025-03-29T10:00:00
310,INV-2024-00310,Rahul Menon,8,16738.9,30.88,254.05,16962.07,cash,completed,Exchange,2025-05-28T09:00:00,2025-05-28T09:00:00
311,INV-2024-00311,Rahul Kumar,4,8715.19,229.92,632.93,9118.2,card,cancelled,Bulk order,2025-11-19T04:00:00,2025-11-19T04:00:00
312,INV-2024-00312,Arun Desai,11,69440.7,178.57,345.19,69607.32,upi,completed,,2024-06-09T10:00:00,2024-06-09T10:00:00
313,INV-2024-00313,Sneha Mehta,6,24457.68,43.5,280.3,24694.48,bank,completed,Gift wrap requested,2024-09-26T15:00:00,2024-09-26T15:00:00
314,INV-2024-00314,Vijay Choudhary,7,31088.19,1.7,753.19,31839.68,cash,completed,,2024-11-11T13:00:00,2024-11-11T13:00:00
315,INV-2024-00315,Sanjay Nair,1,12393.04,245.56,177.73,12325.21,upi,completed,,2025-10-23T04:00:00,2025-10-23T04:00:00
316,INV-2024-00316,Rahul Malhotra,7,54702.24,97.71,456.78,55061.31,card,completed,Exchange,2025-01-17T00:00:00,2025-01-17T00:00:00
317,INV-2024-00317,Preeti Nair,2,44659.8,22.33,145.13,44782.6,upi,completed,Bulk order,2025-05-30T14:00:00,2025-05-30T14:00:00
318,INV-2024-00318,Priya Choudhary,8,20266.16,74.95,789.8,20981.01,cash,completed,,2025-08-30T15:00:00,2025-08-30T15:00:00
319,INV-2024-00319,Ravi Agarwal,5,6485.94,161.37,361.74,6686.31,bank,completed,Gift wrap requested,2024-04-13T01:00:00,2024-04-13T01:00:00
320,INV-2024-00320,Rajesh Agarwal,7,119901.57,247.29,701.68,120355.96,cash,completed,Exchange,2024-05-17T23:00:00,2024-05-17T23:00:00
321,INV-2024-00321,Rajesh Kapoor,4,9693.92,98.35,446.34,10041.91,upi,completed,Exchange,2024-07-23T17:00:00,2024-07-23T17:00:00
322,INV-2024-00322,Nitin Sharma,3,102749.22,231.63,73.04,102590.63,upi,completed,Home delivery,2025-06-27T09:00:00,2025-06-27T09:00:00
323,INV-2024-00323,Divya Reddy,3,98319.44,96.38,197.59,98420.65,bank,completed,,2025-01-04T14:00:00,2025-01-04T14:00:00
324,INV-2024-00324,Deepak Nair,10,48228.01,224.3,38.05,48041.76,cash,completed,Gift wrap requested,2025-11-24T22:00:00,2025-11-24T22:00:00
325,INV-2024-00325,Nidhi Verma,9,82546.44,18.09,791.92,83320.27,bank,completed,Exchange,2025-02-09T15:00:00,2025-02-09T15:00:00
326,INV-2024-00326,Arun Agarwal,9,38893.96,147.6,468.36,39214.72,upi,completed,Bulk order,2025-03-23T01:00:00,2025-03-23T01:00:00
327,INV-2024-00327,Rajesh Pillai,2,60588.71,159.53,642.9,61072.08,cash,cancelled,Gift wrap requested,2024-03-18T18:00:00,2024-03-18T18:00:00
328,INV-2024-00328,Suresh Patel,11,2587.7,129.28,235.95,2694.37,card,completed,Bulk order,2025-09-16T20:00:00,2025-09-16T20:00:00
329,INV-2024-00329,Anjali Bose,6,10949.5,136.21,629.27,11442.56,upi,completed,,2024-12-04T02:00:00,2024-12-04T02:00:00
330,INV-2024-00330,Kavita Sharma,10,86977.68,248.47,34.72,86763.93,card,completed,Gift wrap requested,2025-02-15T18:00:00,2025-02-15T18:00:00
331,INV-2024-00331,Preeti Joshi,10,34302.71,202.36,274.76,34375.11,card,completed,Home delivery,2024-06-03T08:00:00,2024-06-03T08:00:00
332,INV-2024-00332,Gaurav Bose,3,183524.79,56.65,135.66,183603.8,bank,completed,,2025-08-11T11:00:00,2025-08-11T11:00:00
333,INV-2024-00333,Geeta Verma,3,81803.34,162.02,764.64,82405.96,bank,completed,,2024-01-27T17:00:00,2024-01-27T17:00:00
334,INV-2024-00334,Suresh Mehta,3,125752.56,127.29,231.44,125856.71,card,completed,,2025-11-04T06:00:00,2025-11-04T06:00:00
335,INV-2024-00335,Sunita Choudhary,1,136469.73,133.19,600.28,136936.82,upi,completed,Gift wrap requested,2024-05-20T14:00:00,2024-05-20T14:00:00
336,INV-2024-00336,Sanjay Choudhary,4,36083.17,61.69,316.79,36338.27,cash,completed,,2024-02-20T14:00:00,2024-02-20T14:00:00
337,INV-2024-00337,Divya Menon,2,9505.66,48.86,183.52,9640.32,card,cancelled,,2025-06-02T18:00:00,2025-06-02T18:00:00
338,INV-2024-00338,Suresh Reddy,2,35156.53,239.94,300.69,35217.28,bank,cancelled,,2024-11-20T13:00:00,2024-11-20T13:00:00
339,INV-2024-00339,Amit Choudhary,7,59500.14,120.09,688.84,60068.89,bank,completed,,2025-04-12T00:00:00,2025-04-12T00:00:00
340,INV-2024-00340,Preeti Mehta,4,34385.46,299.91,85.87,34171.42,upi,completed,Gift wrap requested,2024-03-07T13:00:00,2024-03-07T13:00:00
341,INV-2024-00341,Divya Agarwal,1,82008.6,42.22,214.22,82180.6,cash,completed,,2024-01-17T08:00:00,2024-01-17T08:00:00
342,INV-2024-00342,Vikram Desai,1,38900.83,18.35,645.86,39528.34,upi,completed,,2025-06-15T04:00:00,2025-06-15T04:00:00
343,INV-2024-00343,Mohan Kumar,7,112868.82,51.73,750.31,113567.4,card,completed,,2025-09-24T13:00:00,2025-09-24T13:00:00
344,INV-2024-00344,Amit Desai,4,48247.73,91.82,507.74,48663.65,bank,cancelled,,2024-04-22T05:00:00,2024-04-22T05:00:00
345,INV-2024-00345,Rahul Sharma,8,62355.83,10.27,700.18,63045.74,card,completed,Exchange,2024-01-30T00:00:00,2024-01-30T00:00:00
346,INV-2024-00346,Divya Menon,3,104391.04,47.45,31.65,104375.24,card,completed,Gift wrap requested,2025-01-21T19:00:00,2025-01-21T19:00:00
347,INV-2024-00347,Ritu Kapoor,7,88371.31,256.84,438.65,88553.12,card,cancelled,Home delivery,2024-03-08T03:00:00,2024-03-08T03:00:00
348,INV-2024-00348,Kavita Desai,8,3862.72,269.86,220.35,3813.21,bank,cancelled,,2025-10-14T00:00:00,2025-10-14T00:00:00
349,INV-2024-00349,Nitin Gupta,8,54017.2,147.84,668.25,54537.61,cash,completed,,2025-09-20T21:00:00,2025-09-20T21:00:00
350,INV-2024-00350,Vikram Singh,4,107827.05,197.76,599.68,108228.97,upi,completed,,2024-08-12T16:00:00,2024-08-12T16:00:00
351,INV-2024-00351,Meera Joshi,5,34121.95,55.39,534.31,34600.87,bank,completed,Bulk order,2025-09-21T03:00:00,2025-09-21T03:00:00
352,INV-2024-00352,Arun Bose,5,62501.59,227.97,122.73,62396.35,card,completed,Bulk order,2025-08-27T16:00:00,2025-08-27T16:00:00
353,INV-2024-00353,Divya Verma,7,155519.32,189.56,639.47,155969.23,card,completed,,2024-05-28T18:00:00,2024-05-28T18:00:00
354,INV-2024-00354,Mohan Joshi,3,20392.84,119.03,29.14,20302.95,card,completed,Home delivery,2025-10-11T01:00:00,2025-10-11T01:00:00
355,INV-2024-00355,Ravi Bose,7,42145.83,135.63,187.57,42197.77,cash,completed,Exchange,2024-12-18T06:00:00,2024-12-18T06:00:00
356,INV-2024-00356,Divya Nair,11,173213.03,230.55,740.63,173723.11,bank,completed,,2025-03-26T03:00:00,2025-03-26T03:00:00
357,INV-2024-00357,Ashok Pillai,8,7916.56,198.97,541.05,8258.64,bank,cancelled,,2024-12-15T15:00:00,2024-12-15T15:00:00
358,INV-2024-00358,Neha Sharma,9,1227.08,37.87,197.16,1386.37,card,completed,,2024-03-05T11:00:00,2024-03-05T11:00:00
359,INV-2024-00359,Kavita Singh,6,53447.78,92.11,360.21,53715.88,cash,cancelled,,2025-07-17T22:00:00,2025-07-17T22:00:00
360,INV-2024-00360,Suresh Singh,11,4269.06,66.56,33.04,4235.54,upi,completed,Exchange,2025-02-11T16:00:00,2025-02-11T16:00:00
361,INV-2024-00361,Vijay Menon,9,71659.7,14.1,435.86,72081.46,cash,completed,Bulk order,2025-09-07T04:00:00,2025-09-07T04:00:00
362,INV-2024-00362,Pooja Kumar,2,41891.48,204.12,515.23,42202.59,cash,completed,Home delivery,2025-06-27T05:00:00,2025-06-27T05:00:00
363,INV-2024-00363,Geeta Malhotra,4,92591.75,83.53,768.06,93276.28,card,completed,Gift wrap requested,2024-06-04T17:00:00,2024-06-04T17:00:00
364,INV-2024-00364,Gaurav Desai,8,71345.09,96.58,582.81,71831.32,bank,completed,,2025-06-18T13:00:00,2025-06-18T13:00:00
365,INV-2024-00365,Swati Mehta,4,102829.11,276.92,498.23,103050.42,cash,completed,Home delivery,2024-09-14T22:00:00,2024-09-14T22:00:00
366,INV-2024-00366,Vikram Desai,3,65612.59,229.38,649.45,66032.66,card,completed,Home delivery,2025-02-24T04:00:00,2025-02-24T04:00:00
367,INV-2024-00367,Neha Choudhary,10,58319.96,58.01,670.78,58932.73,cash,completed,,2024-06-12T20:00:00,2024-06-12T20:00:00
368,INV-2024-00368,Sunita Bose,11,33864.28,45.55,365.84,34184.57,upi,completed,Home delivery,2024-05-23T12:00:00,2024-05-23T12:00:00
369,INV-2024-00369,Ravi Gupta,9,22686.3,93.35,100.04,22692.99,upi,cancelled,Gift wrap requested,2024-12-01T00:00:00,2024-12-01T00:00:00
370,INV-2024-00370,Sanjay Mehta,2,46688.97,162.38,495.83,47022.42,card,completed,Home delivery,2024-08-25T21:00:00,2024-08-25T21:00:00
371,INV-2024-00371,Priya Choudhary,5,134246.66,33.85,383.89,134596.7,cash,completed,Bulk order,2024-12-15T08:00:00,2024-12-15T08:00:00
372,INV-2024-00372,Meera Menon,2,117398.16,26.57,590.77,117962.36,cash,completed,,2025-05-13T09:00:00,2025-05-13T09:00:00
373,INV-2024-00373,Mohan Malhotra,7,48229.86,17.0,102.05,48314.91,bank,completed,,2025-11-11T15:00:00,2025-11-11T15:00:00
374,INV-2024-00374,Rahul Malhotra,11,73567.13,250.89,786.81,74103.05,cash,completed,,2025-10-17T16:00:00,2025-10-17T16:00:00
375,INV-2024-00375,Vijay Desai,4,120203.38,177.33,539.19,120565.24,cash,completed,Exchange,2025-05-12T07:00:00,2025-05-12T07:00:00
376,INV-2024-00376,Manish Das,9,69019.18,261.12,540.69,69298.75,cash,cancelled,,2025-09-13T18:00:00,2025-09-13T18:00:00
377,INV-2024-00377,Sunita Bose,2,48633.24,35.24,615.94,49213.94,bank,cancelled,Bulk order,2025-08-27T20:00:00,2025-08-27T20:00:00
378,INV-2024-00378,Mohan Choudhary,1,12981.02,104.19,634.75,13511.58,card,cancelled,Home delivery,2025-09-10T13:00:00,2025-09-10T13:00:00
379,INV-2024-00379,Manish Malhotra,11,82044.81,272.42,188.51,81960.9,card,completed,Bulk order,2025-06-19T01:00:00,2025-06-19T01:00:00
380,INV-2024-00380,Kavita Malhotra,1,23339.11,218.72,682.56,23802.95,bank,completed,Home delivery,2024-12-02T03:00:00,2024-12-02T03:00:00
381,INV-2024-00381,Pooja Joshi,5,10240.89,133.8,57.28,10164.37,card,completed,Home delivery,2025-11-30T11:00:00,2025-11-30T11:00:00
382,INV-2024-00382,Swati Pillai,11,119373.5,96.56,333.03,119609.97,bank,completed,Home delivery,2024-06-13T06:00:00,2024-06-13T06:00:00
383,INV-2024-00383,Rahul Saxena,10,139418.03,161.47,648.02,139904.58,card,completed,Home delivery,2025-05-26T02:00:00,2025-05-26T02:00:00
384,INV-2024-00384,Sneha Patel,11,50458.53,121.82,505.0,50841.71,upi,completed,Home delivery,2024-11-09T03:00:00,2024-11-09T03:00:00
385,INV-2024-00385,Deepak Desai,6,74288.99,101.1,361.46,74549.35,bank,completed,,2025-01-26T06:00:00,2025-01-26T06:00:00
386,INV-2024-00386,Sunita Reddy,10,86421.57,93.16,414.77,86743.18,upi,cancelled,,2024-11-26T00:00:00,2024-11-26T00:00:00
387,INV-2024-00387,Anjali Choudhary,10,14220.16,208.69,174.92,14186.39,cash,cancelled,Bulk order,2025-07-27T17:00:00,2025-07-27T17:00:00
388,INV-2024-00388,Vikram Agarwal,9,9607.19,106.14,123.77,9624.82,card,completed,Home delivery,2025-02-18T08:00:00,2025-02-18T08:00:00
389,INV-2024-00389,Vijay Patel,6,54060.49,299.83,365.18,54125.84,cash,completed,Exchange,2024-10-27T19:00:00,2024-10-27T19:00:00
390,INV-2024-00390,Deepak Sharma,8,10498.24,67.34,562.16,10993.06,card,completed,,2024-06-07T21:00:00,2024-06-07T21:00:00
391,INV-2024-00391,Nidhi Reddy,3,67057.12,3.73,210.07,67263.46,cash,cancelled,Gift wrap requested,2025-03-26T20:00:00,2025-03-26T20:00:00
392,INV-2024-00392,Swati Pillai,10,19945.97,57.67,165.13,20053.43,cash,cancelled,Gift wrap requested,2025-03-25T13:00:00,2025-03-25T13:00:00
393,INV-2024-00393,Gaurav Choudhary,5,56574.3,212.02,785.89,57148.17,bank,completed,,2025-10-04T18:00:00,2025-10-04T18:00:00
394,INV-2024-00394,Rahul Pillai,6,46462.54,23.11,560.7,47000.13,bank,completed,Home delivery,2025-01-08T07:00:00,2025-01-08T07:00:00
395,INV-2024-00395,Vikram Gupta,9,66803.46,212.51,437.58,67028.53,cash,cancelled,,2025-07-05T18:00:00,2025-07-05T18:00:00
396,INV-2024-00396,Nitin Pillai,4,70162.34,139.59,467.92,70490.67,cash,completed,Exchange,2024-12-22T22:00:00,2024-12-22T22:00:00
397,INV-2024-00397,Vijay Malhotra,2,10273.41,285.95,153.65,10141.11,cash,completed,Exchange,2025-03-24T15:00:00,2025-03-24T15:00:00
398,INV-2024-00398,Gaurav Saxena,8,8916.75,260.27,135.35,8791.83,upi,completed,,2025-10-27T01:00:00,2025-10-27T01:00:00
399,INV-2024-00399,Deepak Sharma,10,107050.23,147.24,569.29,107472.28,card,completed,,2024-10-09T18:00:00,2024-10-09T18:00:00
400,INV-2024-00400,Kavita Pillai,11,66939.37,91.4,201.4,67049.37,cash,completed,,2025-11-08T14:00:00,2025-11-08T14:00:00
401,INV-2024-00401,Vijay Agarwal,1,19459.33,291.27,61.32,19229.38,bank,cancelled,,2025-07-06T21:00:00,2025-07-06T21:00:00
402,INV-2024-00402,Rajesh Menon,7,71924.28,219.11,591.39,72296.56,card,cancelled,Home delivery,2024-03-13T19:00:00,2024-03-13T19:00:00
403,INV-2024-00403,Amit Desai,2,177176.34,99.54,93.45,177170.25,card,cancelled,Bulk order,2024-07-02T05:00:00,2024-07-02T05:00:00
404,INV-2024-00404,Manish Desai,3,28833.74,254.18,162.73,28742.29,bank,completed,,2025-01-31T13:00:00,2025-01-31T13:00:00
405,INV-2024-00405,Ritu Patel,3,47597.52,78.15,176.47,47695.84,bank,completed,,2025-03-16T08:00:00,2025-03-16T08:00:00
406,INV-2024-00406,Arun Nair,1,46692.5,263.79,67.5,46496.21,cash,completed,Bulk order,2025-04-07T03:00:00,2025-04-07T03:00:00
407,INV-2024-00407,Anjali Sharma,9,20540.21,3.77,274.95,20811.39,bank,completed,Home delivery,2025-01-17T03:00:00,2025-01-17T03:00:00
408,INV-2024-00408,Pooja Patel,3,57460.01,56.54,504.28,57907.75,card,cancelled,,2025-08-04T18:00:00,2025-08-04T18:00:00
409,INV-2024-00409,Preeti Singh,10,90319.64,112.25,158.0,90365.39,card,completed,Exchange,2024-12-19T03:00:00,2024-12-19T03:00:00
410,INV-2024-00410,Amit Das,1,114491.12,280.59,712.82,114923.35,cash,completed,,2024-06-01T14:00:00,2024-06-01T14:00:00
411,INV-2024-00411,Shweta Kumar,10,51905.64,155.55,722.18,52472.27,card,completed,Exchange,2024-04-20T11:00:00,2024-04-20T11:00:00
412,INV-2024-00412,Sneha Agarwal,8,48082.77,278.58,447.42,48251.61,card,completed,,2024-06-07T19:00:00,2024-06-07T19:00:00
413,INV-2024-00413,Rajesh Agarwal,4,72493.86,109.71,206.77,72590.92,card,completed,Home delivery,2025-11-15T17:00:00,2025-11-15T17:00:00
414,INV-2024-00414,Pooja Verma,8,140623.1,243.27,729.54,141109.37,upi,cancelled,,2025-02-17T01:00:00,2025-02-17T01:00:00
415,INV-2024-00415,Shweta Agarwal,9,29727.52,168.9,567.72,30126.34,cash,completed,Home delivery,2025-06-16T02:00:00,2025-06-16T02:00:00
416,INV-2024-00416,Suresh Mehta,6,13692.32,40.64,615.55,14267.23,bank,completed,Gift wrap requested,2025-07-13T20:00:00,2025-07-13T20:00:00
417,INV-2024-00417,Rajesh Desai,1,34286.56,147.37,270.78,34409.97,card,cancelled,Gift wrap requested,2025-03-21T12:00:00,2025-03-21T12:00:00
418,INV-2024-00418,Nidhi Mehta,11,91596.22,209.67,431.49,91818.04,cash,completed,,2024-11-09T15:00:00,2024-11-09T15:00:00
419,INV-2024-00419,Divya Bose,9,70033.3,52.01,264.65,70245.94,cash,cancelled,,2024-11-10T18:00:00,2024-11-10T18:00:00
420,INV-2024-00420,Manish Reddy,6,85483.15,289.26,60.9,85254.79,upi,completed,Bulk order,2024-02-18T09:00:00,2024-02-18T09:00:00
421,INV-2024-00421,Preeti Kumar,9,33440.64,111.25,565.36,33894.75,card,completed,Gift wrap requested,2025-06-04T16:00:00,2025-06-04T16:00:00
422,INV-2024-00422,Nitin Agarwal,2,58946.62,214.21,406.31,59138.72,cash,cancelled,,2024-07-09T07:00:00,2024-07-09T07:00:00
423,INV-2024-00423,Suresh Gupta,5,94971.2,1.42,207.5,95177.28,bank,completed,Gift wrap requested,2024-02-16T12:00:00,2024-02-16T12:00:00
424,INV-2024-00424,Sneha Choudhary,1,66136.95,46.78,487.03,66577.2,cash,completed,Gift wrap requested,2024-08-21T11:00:00,2024-08-21T11:00:00
425,INV-2024-00425,Nitin Mehta,4,63163.43,282.08,529.6,63410.95,bank,completed,Bulk order,2025-11-27T18:00:00,2025-11-27T18:00:00
426,INV-2024-00426,Mohan Malhotra,7,12804.83,83.43,722.84,13444.24,card,completed,Exchange,2024-01-11T13:00:00,2024-01-11T13:00:00
427,INV-2024-00427,Nitin Choudhary,1,69393.43,208.8,370.32,69554.95,upi,completed,,2024-01-11T20:00:00,2024-01-11T20:00:00
428,INV-2024-00428,Sunita Kumar,8,46142.01,19.95,438.81,46560.87,card,completed,Bulk order,2025-10-14T03:00:00,2025-10-14T03:00:00
429,INV-2024-00429,Swati Mehta,5,9083.27,256.65,223.97,9050.59,cash,completed,Home delivery,2025-02-11T09:00:00,2025-02-11T09:00:00
430,INV-2024-00430,Swati Desai,4,121602.03,38.13,796.54,122360.44,card,completed,,2024-07-25T02:00:00,2024-07-25T02:00:00
431,INV-2024-00431,Priya Choudhary,3,134525.87,25.08,561.02,135061.81,cash,completed,Gift wrap requested,2024-04-24T07:00:00,2024-04-24T07:00:00
432,INV-2024-00432,Sanjay Singh,8,55690.52,179.1,52.02,55563.44,cash,completed,Home delivery,2025-09-22T11:00:00,2025-09-22T11:00:00
433,INV-2024-00433,Rahul Verma,10,51316.55,4.26,139.11,51451.4,bank,completed,,2024-08-03T23:00:00,2024-08-03T23:00:00
434,INV-2024-00434,Gaurav Verma,7,50316.68,114.01,758.52,50961.19,cash,completed,,2025-04-18T06:00:00,2025-04-18T06:00:00
435,INV-2024-00435,Suresh Agarwal,11,39050.69,216.35,39.74,38874.08,card,completed,Home delivery,2024-07-07T20:00:00,2024-07-07T20:00:00
436,INV-2024-00436,Arun Mehta,9,42740.3,48.33,446.76,43138.73,bank,completed,,2024-09-08T19:00:00,2024-09-08T19:00:00
437,INV-2024-00437,Arun Pillai,1,98946.66,185.58,152.53,98913.61,bank,completed,,2024-03-07T13:00:00,2024-03-07T13:00:00
438,INV-2024-00438,Shweta Joshi,1,42945.18,114.36,458.92,43289.74,card,cancelled,,2024-05-26T03:00:00,2024-05-26T03:00:00
439,INV-2024-00439,Priya Bose,9,61725.33,22.18,526.11,62229.26,card,cancelled,Bulk order,2024-08-17T20:00:00,2024-08-17T20:00:00
440,INV-2024-00440,Shweta Das,7,15925.9,134.9,603.49,16394.49,upi,completed,Exchange,2025-01-30T09:00:00,2025-01-30T09:00:00
441,INV-2024-00441,Ravi Kapoor,8,7226.32,275.83,139.45,7089.94,cash,completed,,2024-09-13T11:00:00,2024-09-13T11:00:00
442,INV-2024-00442,Ravi Kumar,7,34569.08,299.74,707.91,34977.25,bank,completed,Gift wrap requested,2024-05-27T09:00:00,2024-05-27T09:00:00
443,INV-2024-00443,Priya Kapoor,7,83268.17,213.21,442.37,83497.33,card,completed,,2024-11-03T04:00:00,2024-11-03T04:00:00
444,INV-2024-00444,Suresh Choudhary,7,68113.8,265.09,379.25,68227.96,card,completed,Gift wrap requested,2025-10-03T11:00:00,2025-10-03T11:00:00
445,INV-2024-00445,Rahul Agarwal,11,56340.96,119.66,584.18,56805.48,card,completed,,2025-04-19T11:00:00,2025-04-19T11:00:00
446,INV-2024-00446,Suresh Das,6,81970.07,270.11,447.6,82147.56,card,completed,Bulk order,2024-07-14T18:00:00,2024-07-14T18:00:00
447,INV-2024-00447,Manish Singh,8,150302.05,32.6,528.75,150798.2,bank,cancelled,Gift wrap requested,2024-11-10T06:00:00,2024-11-10T06:00:00
448,INV-2024-00448,Suresh Agarwal,9,5043.09,266.98,534.53,5310.64,cash,completed,,2024-02-22T06:00:00,2024-02-22T06:00:00
449,INV-2024-00449,Nitin Reddy,7,63774.66,170.22,154.43,63758.87,upi,cancelled,Home delivery,2025-03-29T00:00:00,2025-03-29T00:00:00
450,INV-2024-00450,Manish Bose,4,251151.09,45.2,266.86,251372.75,card,completed,Home delivery,2024-06-08T20:00:00,2024-06-08T20:00:00
451,INV-2024-00451,Geeta Das,9,53346.06,220.6,703.21,53828.67,upi,completed,Home delivery,2025-05-13T10:00:00,2025-05-13T10:00:00
452,INV-2024-00452,Amit Sharma,1,19491.66,99.45,90.16,19482.37,bank,completed,Bulk order,2024-03-07T02:00:00,2024-03-07T02:00:00
453,INV-2024-00453,Kavita Patel,6,13286.36,186.97,266.09,13365.48,card,completed,,2024-06-03T06:00:00,2024-06-03T06:00:00
454,INV-2024-00454,Kavita Gupta,9,97170.63,47.94,706.84,97829.53,card,completed,,2024-06-28T09:00:00,2024-06-28T09:00:00
455,INV-2024-00455,Neha Kumar,9,10383.06,165.7,386.26,10603.62,bank,completed,,2025-06-29T19:00:00,2025-06-29T19:00:00
456,INV-2024-00456,Sneha Kapoor,2,42962.14,226.7,125.77,42861.21,card,completed,Gift wrap requested,2025-11-10T04:00:00,2025-11-10T04:00:00
457,INV-2024-00457,Ashok Sharma,10,97557.02,206.44,658.0,98008.58,card,cancelled,Exchange,2025-05-03T05:00:00,2025-05-03T05:00:00
458,INV-2024-00458,Gaurav Sharma,8,48507.29,283.98,462.09,48685.4,bank,completed,,2024-07-05T14:00:00,2024-07-05T14:00:00
459,INV-2024-00459,Vikram Das,5,151260.12,203.21,735.08,151791.99,cash,completed,Bulk order,2024-03-11T05:00:00,2024-03-11T05:00:00
460,INV-2024-00460,Nitin Patel,6,37478.55,180.84,643.47,37941.18,cash,cancelled,Exchange,2024-11-24T09:00:00,2024-11-24T09:00:00
461,INV-2024-00461,Pooja Nair,4,93178.04,154.03,785.99,93810.0,cash,completed,,2025-03-03T05:00:00,2025-03-03T05:00:00
462,INV-2024-00462,Ravi Joshi,5,68267.76,78.93,797.0,68985.83,bank,completed,,2024-06-19T01:00:00,2024-06-19T01:00:00
463,INV-2024-00463,Shweta Patel,6,135228.08,165.38,121.91,135184.61,cash,completed,Bulk order,2025-11-03T14:00:00,2025-11-03T14:00:00
464,INV-2024-00464,Kavita Choudhary,4,65181.29,271.36,316.41,65226.34,cash,completed,Bulk order,2025-08-10T00:00:00,2025-08-10T00:00:00
465,INV-2024-00465,Pooja Menon,7,90538.56,122.16,286.86,90703.26,bank,completed,Exchange,2025-01-19T10:00:00,2025-01-19T10:00:00
466,INV-2024-00466,Kavita Nair,2,53406.08,274.01,736.65,53868.72,cash,completed,Home delivery,2024-07-16T15:00:00,2024-07-16T15:00:00
467,INV-2024-00467,Amit Singh,2,34235.9,72.89,158.14,34321.15,cash,completed,Exchange,2025-06-05T03:00:00,2025-06-05T03:00:00
468,INV-2024-00468,Preeti Patel,1,78707.39,216.93,594.47,79084.93,bank,cancelled,,2024-08-30T02:00:00,2024-08-30T02:00:00
469,INV-2024-00469,Ravi Kapoor,11,51410.15,262.02,633.18,51781.31,cash,cancelled,,2024-06-08T18:00:00,2024-06-08T18:00:00
470,INV-2024-00470,Vikram Reddy,2,3546.49,55.67,580.24,4071.06,cash,completed,Gift wrap requested,2024-02-27T22:00:00,2024-02-27T22:00:00
471,INV-2024-00471,Priya Patel,7,102944.48,96.12,432.88,103281.24,card,completed,Bulk order,2024-08-26T06:00:00,2024-08-26T06:00:00
472,INV-2024-00472,Nitin Kumar,8,171635.25,86.42,547.4,172096.23,cash,completed,,2025-05-22T19:00:00,2025-05-22T19:00:00
473,INV-2024-00473,Rajesh Kumar,4,14032.46,78.98,704.98,14658.46,cash,completed,Bulk order,2025-06-03T00:00:00,2025-06-03T00:00:00
474,INV-2024-00474,Ashok Patel,4,104574.35,56.11,270.7,104788.94,card,completed,Gift wrap requested,2024-05-06T22:00:00,2024-05-06T22:00:00
475,INV-2024-00475,Kavita Das,7,90400.17,152.0,242.61,90490.78,card,completed,Home delivery,2025-10-12T18:00:00,2025-10-12T18:00:00
476,INV-2024-00476,Meera Menon,1,78711.57,196.45,775.15,79290.27,bank,completed,Home delivery,2024-12-19T23:00:00,2024-12-19T23:00:00
477,INV-2024-00477,Priya Patel,8,97169.36,103.27,591.67,97657.76,cash,completed,,2024-06-14T02:00:00,2024-06-14T02:00:00
478,INV-2024-00478,Sanjay Sharma,11,55201.85,26.47,478.75,55654.13,bank,cancelled,Bulk order,2025-11-21T22:00:00,2025-11-21T22:00:00
479,INV-2024-00479,Deepak Agarwal,8,26309.93,107.43,652.55,26855.05,bank,completed,,2024-03-08T18:00:00,2024-03-08T18:00:00
480,INV-2024-00480,Swati Reddy,4,51385.24,176.17,53.31,51262.38,bank,completed,Gift wrap requested,2025-05-15T10:00:00,2025-05-15T10:00:00
481,INV-2024-00481,Sneha Choudhary,8,20123.3,260.6,382.23,20244.93,card,completed,Bulk order,2025-04-17T10:00:00,2025-04-17T10:00:00
482,INV-2024-00482,Amit Singh,6,71439.41,114.44,698.8,72023.77,card,completed,,2025-01-29T13:00:00,2025-01-29T13:00:00
483,INV-2024-00483,Nidhi Kumar,3,33438.3,177.88,163.45,33423.87,cash,completed,Gift wrap requested,2024-01-15T13:00:00,2024-01-15T13:00:00
484,INV-2024-00484,Deepak Agarwal,4,7087.32,6.5,325.94,7406.76,bank,cancelled,,2025-04-28T04:00:00,2025-04-28T04:00:00
485,INV-2024-00485,Ritu Das,8,48461.98,129.86,758.92,49091.04,card,completed,Bulk order,2024-08-21T06:00:00,2024-08-21T06:00:00
486,INV-2024-00486,Sunita Patel,6,118768.36,211.81,494.1,119050.65,card,completed,Exchange,2024-03-02T11:00:00,2024-03-02T11:00:00
487,INV-2024-00487,Neha Desai,1,25556.11,287.06,512.58,25781.63,bank,completed,Bulk order,2025-05-21T06:00:00,2025-05-21T06:00:00
488,INV-2024-00488,Geeta Gupta,10,9835.08,38.83,239.88,10036.13,upi,completed,Home delivery,2025-09-25T13:00:00,2025-09-25T13:00:00
489,INV-2024-00489,Vijay Desai,2,115891.08,5.31,308.61,116194.38,card,completed,,2024-05-11T11:00:00,2024-05-11T11:00:00
490,INV-2024-00490,Ravi Desai,5,81520.53,166.5,470.23,81824.26,bank,completed,,2024-08-27T10:00:00,2024-08-27T10:00:00
491,INV-2024-00491,Vijay Joshi,10,83585.05,182.82,654.39,84056.62,card,completed,Exchange,2024-11-25T20:00:00,2024-11-25T20:00:00
492,INV-2024-00492,Rahul Menon,2,163928.7,115.24,135.72,163949.18,bank,completed,Exchange,2025-04-26T00:00:00,2025-04-26T00:00:00
493,INV-2024-00493,Geeta Nair,2,105247.5,134.85,626.4,105739.05,bank,completed,,2025-05-17T14:00:00,2025-05-17T14:00:00
494,INV-2024-00494,Meera Joshi,11,95434.56,0.92,297.81,95731.45,cash,completed,Exchange,2024-03-01T15:00:00,2024-03-01T15:00:00
495,INV-2024-00495,Rahul Desai,6,17823.9,181.43,438.32,18080.79,upi,completed,Exchange,2024-05-29T08:00:00,2024-05-29T08:00:00
496,INV-2024-00496,Kavita Verma,4,66460.79,157.05,413.22,66716.96,card,completed,Gift wrap requested,2025-09-11T03:00:00,2025-09-11T03:00:00
497,INV-2024-00497,Deepak Reddy,3,47828.26,88.83,42.48,47781.91,upi,completed,,2024-01-12T09:00:00,2024-01-12T09:00:00
498,INV-2024-00498,Ashok Singh,8,165258.68,187.77,453.11,165524.02,cash,completed,Home delivery,2025-01-12T14:00:00,2025-01-12T14:00:00
499,INV-2024-00499,Sneha Nair,8,25038.06,82.78,570.91,25526.19,card,completed,,2024-11-17T03:00:00,2024-11-17T03:00:00
500,INV-2024-00500,Rahul Sharma,2,96636.12,15.73,274.7,96895.09,card,completed,,2025-08-23T04:00:00,2025-08-23T04:00:00
